date,SM_ISMN_daily,SM_SMAP,SM_SMAP_lag1,NDMI_S2,NDVI_S2,NDVI_7day,NDMI_7day,P_ERA5_daily,T2M_ERA5_daily,P_lag1,P_lag2,P_lag3,P_7day
2020-01-01,0.5276224643627273,0.6536873008811435,0.6536873008811435,0.0,0.39627810261393714,0.0,0.014187198779412102,7.462287154531956e-06,0.2416755175634867,7.462287154531956e-06,7.462287154531956e-06,7.462287154531956e-06,9.923828885754528e-05
2020-01-02,0.5279410654385039,0.6536873008811435,0.6536873008811435,0.0,0.39627810261393714,0.0,0.014187198779412102,1.6126128308561693e-05,0.34096805306549127,7.462287154531956e-06,7.462287154531956e-06,7.462287154531956e-06,9.923828885754528e-05
2020-01-03,0.5135202183081121,0.6191339693237752,0.6536873008811435,0.0,0.39627810261393714,0.0,0.014187198779412102,0.00016761114240005878,0.27543752065165594,1.6126128308561693e-05,7.462287154531956e-06,7.462287154531956e-06,9.923828885754528e-05
2020-01-04,0.48825176312152263,0.3374819269956549,0.6191339693237752,0.0,0.39627810261393714,0.0,0.014187198779412102,2.8961479642145757e-05,0.1867330029801193,0.00016761114240005878,1.6126128308561693e-05,7.462287154531956e-06,9.923828885754528e-05
2020-01-05,0.47533885117611263,0.3374819269956549,0.3374819269956549,0.0,0.39627810261393714,0.0,0.014187198779412102,1.4885364573350425e-05,0.27694493451775903,2.8961479642145757e-05,0.00016761114240005878,1.6126128308561693e-05,9.923828885754528e-05
2020-01-06,0.460431654676259,0.5984306436389486,0.3374819269956549,0.0040842219542560065,0.39683879691176427,0.0,0.014187198779412102,1.3196366454051796e-05,0.20514595695535176,1.4885364573350425e-05,2.8961479642145757e-05,0.00016761114240005878,9.923828885754528e-05
2020-01-07,0.4477033757609299,0.5984306436389486,0.5984306436389486,0.008168443908512013,0.3973994912095915,0.0,0.014187198779412102,8.221163358970242e-07,0.22256829887516683,1.3196366454051796e-05,1.4885364573350425e-05,2.8961479642145757e-05,9.923828885754528e-05
2020-01-08,0.4415205236341432,0.5676831695162206,0.5984306436389486,0.01225266586276802,0.39796018550741863,0.0,0.014187198779412102,0.0,0.29128130649759115,8.221163358970242e-07,1.3196366454051796e-05,1.4885364573350425e-05,9.539300166791417e-05
2020-01-09,0.4430270665500271,0.5607683302966648,0.5676831695162206,0.01633688781702408,0.3985208798052459,0.0,0.014187198779412102,0.002125806255145185,0.4668380335351487,0.0,8.221163358970242e-07,1.3196366454051796e-05,0.0011825028646292983
2020-01-10,0.4476379487542973,0.5607683302966648,0.5607683302966648,0.02042110977127981,0.39908157410307293,0.0,0.014187198779412102,0.15538879645868178,0.4918493094965584,0.002125806255145185,0.0,8.221163358970242e-07,0.08116736850912343
2020-01-11,0.4595456639614419,0.6300758301063274,0.5607683302966648,0.024505331725535817,0.3996422684009002,0.0,0.014187198779412102,0.13735633576452141,0.009307634768153758,0.15538879645868178,0.002125806255145185,0.0,0.15193162378204758
2020-01-12,0.470602828082362,0.2034942899382191,0.6300758301063274,0.02858955367979188,0.40020296269872746,0.0,0.014187198779412102,0.007632345008587809,0.0818992865049043,0.13735633576452141,0.15538879645868178,0.002125806255145185,0.1558568707445506
2020-01-13,0.47340464342521926,0.2034942899382191,0.2034942899382191,0.032673775634047886,0.4007636569965546,0.0,0.014187198779412102,1.173096798387953e-05,0.21219158753601097,0.007632345008587809,0.13735633576452141,0.15538879645868178,0.1558561156304886
2020-01-14,0.47878938228727375,0.5557599316477657,0.2034942899382191,0.03675799758830389,0.40132435129438176,0.0,0.014187198779412102,0.0005089993051747305,0.3626264776534941,1.173096798387953e-05,0.007632345008587809,0.13735633576452141,0.15611797733506233
2020-01-15,0.4831577017246773,0.1316479060879187,0.5557599316477657,0.04084221954255962,0.4018850455922089,0.0,0.014187198779412102,0.00012214177961679447,0.3827672607014838,0.0005089993051747305,1.173096798387953e-05,0.007632345008587809,0.15618091651319266
2020-01-16,0.4692288609430758,0.5577823873262913,0.1316479060879187,0.04492644149681568,0.4024457398900361,0.0,0.014187198779412102,6.634415946441792e-05,0.1162933245052072,0.00012214177961679447,0.0005089993051747305,1.173096798387953e-05,0.15511968380396354
2020-01-17,0.569734557181841,0.5577823873262913,0.5577823873262913,0.04901066345107169,0.40300643418786325,0.0,0.014187198779412102,0.4746036605136181,0.14681341016482327,6.634415946441792e-05,0.00012214177961679447,0.0005089993051747305,0.31960984641375356
2020-01-18,0.9014456146681402,0.5577823873262913,0.5577823873262913,0.053094885405327696,0.40356712848569054,0.0,0.014187198779412102,0.05749345899392243,0.2540303709697071,0.4746036605136181,6.634415946441792e-05,0.00012214177961679447,0.278456820456226
2020-01-19,0.7060282808236171,0.7008155463384556,0.5577823873262913,0.0571791073595837,0.40412782278351755,0.0,0.014187198779412102,0.0009747055013088142,0.10812429878596479,0.05749345899392243,0.4746036605136181,6.634415946441792e-05,0.27502616503110383
2020-01-20,0.6396262300504426,0.2719566105975526,0.7008155463384556,0.06126332931383949,0.40468851708134485,0.0,0.014187198779412102,6.9879895233328484e-06,0.059904683575792705,0.0009747055013088142,0.05749345899392243,0.4746036605136181,0.27502372099297756
2020-01-21,0.6105184817663113,0.2719566105975526,0.2719566105975526,0.060020134819960824,0.40383377341071236,0.0,0.014187198779412102,4.521639891979417e-06,0.030483827475905306,6.9879895233328484e-06,0.0009747055013088142,0.05749345899392243,0.2747637656383262
2020-01-22,0.6768614664918311,0.8253133087042928,0.2719566105975526,0.05877694032608194,0.40297902974008,0.0,0.014187198779412102,0.12056679922038997,0.10915358361989325,4.521639891979417e-06,6.9879895233328484e-06,0.0009747055013088142,0.3368284233934352
2020-01-23,0.9588191515752915,0.10807217358529142,0.8253133087042928,0.057533745832203,0.4021242860694475,0.0,0.014187198779412102,0.02649308714567109,0.17774725529279134,0.12056679922038997,4.521639891979417e-06,6.9879895233328484e-06,0.35044602000478897
2020-01-24,0.8007938476804766,0.6896379369072203,0.10807217358529142,0.05629055133832428,0.401269542398815,0.0,0.014187198779412102,0.009066759786149577,0.1523083015889358,0.02649308714567109,0.12056679922038997,4.521639891979417e-06,0.11055668800820515
2020-01-25,0.6862948512663223,0.6957229458413237,0.6896379369072203,0.055047356844445394,0.40041479872818253,0.0,0.014187198779412102,0.0015429343266731904,0.15993115774284788,0.009066759786149577,0.02649308714567109,0.12056679922038997,0.08172560293995147
2020-01-26,0.6628853656886405,0.6957229458413237,0.6957229458413237,0.05380416235056651,0.3995600550575502,0.0,0.014187198779412102,0.008900034497610735,0.2458203756622654,0.0015429343266731904,0.009066759786149577,0.02649308714567109,0.08580949376752094
2020-01-27,0.6417762341850659,0.7190356198710866,0.6957229458413237,0.052560967856687846,0.3987053113869177,0.0,0.014187198779412102,0.0003554950994308561,0.27173039129156457,0.008900034497610735,0.0015429343266731904,0.009066759786149577,0.08598907810908685
2020-01-28,0.6337385264202432,0.7190356198710866,0.7190356198710866,0.051317773362808905,0.39785056771628524,0.0,0.014187198779412102,0.06644347755129222,0.18837530043055906,0.0003554950994308561,0.008900034497610735,0.0015429343266731904,0.12022481050158007
2020-01-29,1.0,0.7190356198710866,0.7190356198710866,0.05007457886893002,0.39699582404565276,0.0,0.014187198779412102,0.10039383546877455,0.07466178397644997,0.06644347755129222,0.0003554950994308561,0.008900034497610735,0.1098297617069426
2020-01-30,0.89034978913421,0.7356719714967239,0.7190356198710866,0.048831384375051134,0.39614108037502044,0.0,0.014187198779412102,0.004297437479214056,0.10658539703319725,0.10039383546877455,0.06644347755129222,0.0003554950994308561,0.0983924308242644
2020-01-31,0.7717687918630616,0.17391942364454616,0.7356719714967239,0.04758818988117247,0.39528633670438784,0.0,0.014187198779412102,0.00034175466244100526,0.15738678337967155,0.004297437479214056,0.10039383546877455,0.06644347755129222,0.09389647003678965
2020-02-01,0.7149590672289756,0.17391942364454616,0.17391942364454616,0.04634499538729353,0.3944315930337555,0.0,0.014187198779412102,3.449091826661834e-05,0.17801729729339244,0.00034175466244100526,0.004297437479214056,0.10039383546877455,0.09311917508759907
2020-02-02,0.7052624766753313,0.7202540263992419,0.17391942364454616,0.045101800893414645,0.39357684936312304,0.0,0.014187198779412102,3.750450650285766e-06,0.4033306371012415,3.449091826661834e-05,0.00034175466244100526,0.004297437479214056,0.08853495494534538
2020-02-03,0.7059155183690038,0.7202540263992419,0.7202540263992419,0.04385860639953598,0.39272210569249055,0.0,0.014187198779412102,2.1038705503161507e-05,0.5112540730091795,3.750450650285766e-06,3.449091826661834e-05,0.00034175466244100526,0.08836261088240231
2020-02-04,0.6602580004961548,0.7077560427453284,0.7202540263992419,0.0426154119056571,0.39186736202185807,0.0,0.014187198779412102,0.016302502783554357,0.16307865077310957,2.1038705503161507e-05,3.750450650285766e-06,3.449091826661834e-05,0.0625251640035528
2020-02-05,0.6507070205904244,0.2907875813470471,0.7077560427453284,0.04137221741177838,0.39101261835122575,0.0,0.014187198779412102,0.05225682004581963,0.03350159983591692,0.016302502783554357,2.1038705503161507e-05,3.750450650285766e-06,0.03772034948492456
2020-02-06,0.6819647730091791,0.2907875813470471,0.2907875813470471,0.04012902291789944,0.39015787468059326,0.0,0.014187198779412102,0.008974264955170872,0.021087304209734148,0.05225682004581963,0.016302502783554357,2.1038705503161507e-05,0.04013030026931434
2020-02-07,0.7861572810716946,0.7126086803697738,0.2907875813470471,0.03888582842402055,0.3893031310099609,0.0,0.014187198779412102,0.000240888738834054,0.10143702940921391,0.008974264955170872,0.05225682004581963,0.016302502783554357,0.040078324456016876
2020-02-08,0.7268667824361201,0.11933059695918735,0.7126086803697738,0.03764263393014167,0.3884483873393284,0.0,0.014187198779412102,1.0759375691362185e-05,0.16399362515563348,0.000240888738834054,0.008974264955170872,0.05225682004581963,0.04006609568556553
2020-02-09,0.7045398164227239,0.6323115172562608,0.11933059695918735,0.036399439436263004,0.3875936436686959,0.0,0.014187198779412102,0.04721860523885369,0.4017865135418332,1.0759375691362185e-05,0.000240888738834054,0.008974264955170872,0.06439572445990928
2020-02-10,0.67052709919179,0.6627707715098665,0.6323115172562608,0.03515624494238406,0.38673889999806343,0.0,0.014187198779412102,0.008859456192445535,0.14949221660273826,0.04721860523885369,1.0759375691362185e-05,0.000240888738834054,0.06895012619162237
2020-02-11,0.6871743984123049,0.6627707715098665,0.6627707715098665,0.03391305044850518,0.3858841563274311,0.0,0.014187198779412102,0.03814968074823821,0.14979276494740076,0.008859456192445535,0.04721860523885369,1.0759375691362185e-05,0.08020789097840689
2020-02-12,0.7394019875377591,0.8155956386789203,0.6627707715098665,0.032669855954626514,0.38502941265679863,0.0,0.014187198779412102,0.15406979362933715,0.15855595766520392,0.03814968074823821,0.008859456192445535,0.04721860523885369,0.13267171539999426
2020-02-13,0.9902895417656021,0.8155956386789203,0.8155956386789203,0.03142666146074763,0.38417466898616615,0.0,0.014187198779412102,0.0202049656986947,0.0,0.15406979362933715,0.03814968074823821,0.008859456192445535,0.13845885127473914
2020-02-15,0.6949550077806095,0.6027355974065871,0.7652575592720534,0.05231337780686435,0.35056809635715874,0.0,0.014187198779412102,7.160461598563267e-06,0.21257599888056927,0.0003083109093563371,0.0202049656986947,0.15406979362933715,0.1384917391474873
2020-02-16,0.6798938660166323,0.08903243348392259,0.6027355974065871,0.07444328864685973,0.31781626739878394,0.0,0.014187198779412102,6.644159966609999e-05,0.27630053216884126,7.160461598563267e-06,0.0003083109093563371,0.0202049656986947,0.11419441487539893
2020-02-17,0.6856859340114116,0.6370804488235329,0.08903243348392259,0.09657319948685539,0.28506443844040896,0.0,0.014187198779412102,0.004148808535269376,0.3886786795440871,6.644159966609999e-05,7.160461598563267e-06,0.0003083109093563371,0.11176703668478628
2020-02-18,0.6703051352021832,0.682933519676403,0.6370804488235329,0.11870311032685082,0.2523126094820341,0.0,0.014187198779412102,0.0007121684222271353,0.25290446308206216,0.004148808535269376,6.644159966609999e-05,7.160461598563267e-06,0.09247563398509313
2020-02-19,0.6224261969734559,0.682933519676403,0.682933519676403,0.14083302116684626,0.2195607805236593,0.0,0.014187198779412102,7.192368891841919e-05,0.1638984547849653,0.0007121684222271353,0.004148808535269376,6.644159966609999e-05,0.01312113793724826
2020-02-20,0.5957632694444147,0.6498393838383083,0.682933519676403,0.13345277552551238,0.23371741037326,0.0,0.014187198779412102,0.002714480248808983,0.14527880756865152,7.192368891841919e-05,0.0007121684222271353,0.004148808535269376,0.0041083596498288485
2020-02-21,0.5615645414702721,0.2124739956298291,0.6498393838383083,0.12607252988417844,0.2478740402228608,0.0,0.014187198779412102,0.00014222039319634877,0.03636110826681762,0.002714480248808983,7.192368891841919e-05,0.0007121684222271353,0.004022773860796172
2020-02-22,0.5584222277350535,0.6768352070155426,0.2124739956298291,0.11869228424284434,0.26203067007246167,0.0,0.014187198779412102,1.3997536762486645e-05,0.20138951489494838,0.00014222039319634877,0.002714480248808983,7.192368891841919e-05,0.004026296978708674
2020-02-23,0.5613282772796541,0.5753514045662582,0.6768352070155426,0.11131203860151045,0.2761872999220624,0.0,0.014187198779412102,0.009826439387269962,0.34705453984654666,1.3997536762486645e-05,0.00014222039319634877,0.002714480248808983,0.009055585410834628
2020-02-24,0.8768182945806364,0.4241967335281192,0.5753514045662582,0.1039317929601763,0.29034392977166334,0.0,0.014187198779412102,0.19701679489008425,0.34531438259871045,0.009826439387269962,1.3997536762486645e-05,0.00014222039319634877,0.10843969940455667
2020-02-25,0.8641776234185066,0.6575444726904185,0.4241967335281192,0.09655154731884241,0.30450055962126404,0.0,0.014187198779412102,0.010868640644388835,0.2551169582607255,0.19701679489008425,0.009826439387269962,1.3997536762486645e-05,0.11367328955178013
2020-02-26,0.8107846011591979,0.7212028878548407,0.6575444726904185,0.08917130167750825,0.31865718947086485,0.0,0.014187198779412102,0.03626602623078213,0.11340344714620813,0.010868640644388835,0.19701679489008425,0.009826439387269962,0.13232396808535235
2020-02-27,0.7125459507002547,0.7212028878548407,0.7212028878548407,0.08179105603617437,0.3328138193204656,0.0,0.014187198779412102,0.0018595123936817508,0.12953388269356655,0.03626602623078213,0.010868640644388835,0.19701679489008425,0.13188340651585156
2020-02-28,0.6683059232127483,0.6847932319397236,0.7212028878548407,0.07441081039484027,0.34697044917006653,0.0,0.014187198779412102,3.2884653435868156e-06,0.2528031089930028,0.0018595123936817508,0.03626602623078213,0.010868640644388835,0.13181181544044268
2020-02-29,0.6319151575291493,0.44220324506197023,0.6847932319397236,0.06703056475350633,0.36112707901966723,0.0,0.014187198779412102,1.0688712866657516e-05,0.3342114082576469,3.2884653435868156e-06,0.0018595123936817508,0.03626602623078213,0.1318101104165169
2020-03-01,0.6179608037707767,0.6997357960432093,0.44220324506197023,0.05965031911217217,0.37528370886926815,0.0,0.014187198779412102,1.6483076609184393e-06,0.5273805431244278,1.0688712866657516e-05,3.2884653435868156e-06,0.0018595123936817508,0.12674743425612991
2020-03-02,0.5929049863557432,0.5778847316154401,0.6997357960432093,0.05227007347083834,0.3894403387188689,0.0,0.014187198779412102,2.5517228150772278e-05,0.37298954555048586,1.6483076609184393e-06,1.0688712866657516e-05,3.2884653435868156e-06,0.025238604486394565
2020-03-03,0.5733068717439843,0.22396486237867935,0.5778847316154401,0.044889827829504125,0.40359696856846977,0.0,0.014187198779412102,2.9377129739036534e-05,0.35608577221804144,2.5517228150772278e-05,1.6483076609184393e-06,1.0688712866657516e-05,0.019653174674491233
2020-03-04,0.5591664599355001,0.5968004000042266,0.22396486237867935,0.03750958218817024,0.4177535984180706,0.0,0.014187198779412102,1.6626214412680537e-06,0.35592344470255927,2.9377129739036534e-05,2.5517228150772278e-05,1.6483076609184393e-06,0.0009662908894853967
2020-03-05,0.5422145042586621,0.614580872130972,0.5968004000042266,0.03012933654683614,0.43191022826767134,0.0,0.014187198779412102,0.0,0.3054267880722311,1.6626214412680537e-06,2.9377129739036534e-05,2.5517228150772278e-05,8.091474438760208e-06
2020-03-06,0.5137682957082611,0.614580872130972,0.614580872130972,0.09413260191854739,0.345528182614137,0.0,0.014187198779412102,8.278654957649523e-06,0.2903309769505525,0.0,1.6626214412680537e-06,2.9377129739036534e-05,1.0662899499122041e-05
2020-03-07,0.49599427962700826,0.5811867000701763,0.614580872130972,0.15813586729025889,0.2591461369606028,0.0,0.014187198779412102,1.809231008476864e-05,0.358980223565566,8.278654957649523e-06,0.0,1.6626214412680537e-06,1.4477943995591745e-05
2020-03-08,0.48139419498883673,0.35141762208960703,0.5811867000701763,0.2221391326619701,0.17276409130706838,0.0,0.014187198779412102,0.0006955862976448923,0.4159290897503712,1.809231008476864e-05,8.278654957649523e-06,0.0,0.0003720614580074285
2020-03-09,0.6985859588191516,0.6111347937416747,0.35141762208960703,0.28614239803368136,0.0863820456535342,0.0,0.014187198779412102,0.16075370406449968,0.5200830487121536,0.0006955862976448923,1.809231008476864e-05,8.278654957649523e-06,0.08319466330319526
2020-03-10,0.7597708666922263,0.7277481561556327,0.6111347937416747,0.3501456634053926,0.0,0.0,0.014187198779412102,0.008982185456276933,0.33465667524351583,0.16075370406449968,0.0006955862976448923,1.809231008476864e-05,0.08780801018416337
2020-03-11,0.6784916894070951,0.1860742165956411,0.7277481561556327,0.3420386445129375,0.036641303667561576,0.0,0.014187198779412102,2.343606594941467e-05,0.5704361449215449,0.008982185456276933,0.16075370406449968,0.0006955862976448923,0.08781922995439033
2020-03-12,0.6358223765814937,0.6225858319420972,0.1860742165956411,0.33393162562048234,0.07328260733512333,0.0,0.014187198779412102,3.764632126721247e-05,0.6183452589450723,2.343606594941467e-05,0.008982185456276933,0.16075370406449968,0.08783862895551528
2020-03-13,0.5646241627387746,0.6174195238408207,0.6225858319420972,0.325824606728027,0.10992391100268507,0.0,0.014187198779412102,0.01678468557060406,0.38660040050079053,3.764632126721247e-05,2.343606594941467e-05,0.008982185456276933,0.096483445385767
2020-03-14,0.6702696955735905,0.6174195238408207,0.6174195238408207,0.3177175878355718,0.14656521467024675,0.0,0.014187198779412102,0.39497077089795607,0.2738029970186222,0.01678468557060406,3.764632126721247e-05,2.343606594941467e-05,0.30000100562353404
2020-03-15,0.9060463228163549,0.8093944493732617,0.6174195238408207,0.30961056894311645,0.1832065183378085,0.0,0.014187198779412102,0.027644784743527977,0.25227256558589156,0.39497077089795607,0.01678468557060406,3.764632126721247e-05,0.31388782147620664
2020-03-16,0.8308112130984866,0.42028093442608566,0.8093944493732617,0.3015035500506613,0.21984782200537023,0.0,0.014187198779412102,0.16057898710767363,0.3078280338932159,0.027644784743527977,0.39497077089795607,0.01678468557060406,0.3137977905162634
2020-03-17,0.9981146117588688,0.886032178678305,0.42028093442608566,0.29339653115820596,0.25648912567293186,0.0,0.014187198779412102,0.033322229215054476,0.34041595498284327,0.16057898710767363,0.027644784743527977,0.39497077089795607,0.3263401192316383
2020-03-18,0.9930538327958325,0.886032178678305,0.886032178678305,0.28528951226575083,0.29313042934049355,0.0,0.014187198779412102,0.41772926884568906,0.5432838300828834,0.033322229215054476,0.16057898710767363,0.027644784743527977,0.5415822902389774
2020-03-19,0.9935499875961302,0.886032178678305,0.886032178678305,0.2771824933732954,0.32977173300805535,0.0,0.014187198779412102,0.3547339580514624,0.6573926922661357,0.41772926884568906,0.033322229215054476,0.16057898710767363,0.7243559031354988
2020-03-20,0.8459439345075663,0.9392726189461369,0.886032178678305,0.26907547448084024,0.3664130366756171,0.0,0.014187198779412102,0.02305227712494542,0.3702228714188616,0.3547339580514624,0.41772926884568906,0.033322229215054476,0.7275855683861994
2020-03-21,0.6989332671793602,0.7569485142779095,0.9392726189461369,0.2609684555883849,0.40305434034317883,0.0,0.014187198779412102,2.593136440926839e-05,0.19966229437860294,0.02305227712494542,0.3547339580514624,0.41772926884568906,0.5240720475822613
2020-03-22,0.7489456710493676,0.7569485142779095,0.7569485142779095,0.25286143669592975,0.43969564401074035,0.0,0.014187198779412102,0.26630277255889995,0.32457833322444657,2.593136440926839e-05,0.02305227712494542,0.3547339580514624,0.6470515690406348
2020-03-23,0.978606972434223,0.8425514680440402,0.7569485142779095,0.24475441780347437,0.47633694767830215,0.0,0.014187198779412102,0.0161955590171225,0.43003014670685413,0.26630277255889995,2.593136440926839e-05,0.02305227712494542,0.5726513570232946
2020-03-24,0.9520534042985047,0.6418993726559477,0.8425514680440402,0.23664739891101924,0.5129782513458638,0.0,0.014187198779412102,0.07279904016455742,0.4962550812497383,0.0161955590171225,0.26630277255889995,2.593136440926839e-05,0.5929936022743871
2020-03-25,0.9463937096200101,1.0,0.6418993726559477,0.2285403800185639,0.5496195550134256,0.0,0.014187198779412102,0.005313459247116643,0.5282796754093573,0.07279904016455742,0.0161955590171225,0.26630277255889995,0.3804773593840106
2020-03-26,0.7731332175638801,0.7279691963362238,1.0,0.2412501794476306,0.5568226244516546,0.0,0.014187198779412102,0.0,0.7123767261015581,0.005313459247116643,0.07279904016455742,0.0161955590171225,0.19768434748636435
2020-03-27,0.7140907963284544,0.27680499268207237,0.7279691963362238,0.25395997887669713,0.5640256938898838,0.0,0.014187198779412102,0.0004868021615286255,0.7856379273086823,0.0,0.005313459247116643,0.07279904016455742,0.18605644708426783
2020-03-28,0.7817566037125321,0.8782638764661381,0.27680499268207237,0.26666977830576366,0.5712287633281128,0.0,0.014187198779412102,0.0006970181950389267,0.6700684904722841,0.0004868021615286255,0.0,0.005313459247116643,0.18640225548583578
2020-03-29,0.6903994046142399,0.7470598789689327,0.8782638764661381,0.2793795777348302,0.5784318327663419,0.0,0.014187198779412102,3.322385165100926e-05,0.46123511353228414,0.0006970181950389267,0.0004868021615286255,0.0,0.04919460541427423
2020-03-30,0.6147357975688417,0.7470598789689327,0.7470598789689327,0.2920893771638967,0.585634902204571,0.0,0.014187198779412102,0.012613467998723739,0.45055078674173116,3.322385165100926e-05,0.0006970181950389267,0.0004868021615286255,0.04734876801618215
2020-03-31,0.7821880426693129,0.8959521314558592,0.7470598789689327,0.30479917659296346,0.5928379716428,0.0,0.014187198779412102,0.10596855202984623,0.4236773281562324,0.012613467998723739,3.322385165100926e-05,0.0006970181950389267,0.0644408868827702
2020-04-01,0.7031753907219052,0.44438604783224805,0.8959521314558592,0.31750897602203,0.6000410410810292,0.0,0.014187198779412102,0.004842585918772669,0.47788468696172176,0.10596855202984623,0.012613467998723739,3.322385165100926e-05,0.06419824771063386
2020-04-02,0.6258992805755396,0.8692182512216058,0.44438604783224805,0.33021877545109646,0.6072441105192582,0.0,0.014187198779412102,0.005515251670345481,0.5642654810469624,0.004842585918772669,0.10596855202984623,0.012613467998723739,0.06704023518128283
2020-04-03,0.5927863406426286,0.7253800927928744,0.8692182512216058,0.342928574880163,0.6144471799574873,0.0,0.014187198779412102,0.035415062181551264,0.2712044611346822,0.005515251670345481,0.004842585918772669,0.10596855202984623,0.0850386300473245
2020-04-04,0.5848424708509057,0.010139009793908221,0.7253800927928744,0.3556383743092295,0.6216502493957164,0.0,0.014187198779412102,0.003256652632204493,0.17259423515687733,0.035415062181551264,0.005515251670345481,0.004842585918772669,0.08635759959480309
2020-04-05,0.5842673823323786,0.6436769488671159,0.010139009793908221,0.36834817373829626,0.6288533188339455,0.0,0.014187198779412102,0.0001941945994819555,0.3334571123990342,0.003256652632204493,0.035415062181551264,0.005515251670345481,0.08644054718737376
2020-04-06,0.5778963036467377,0.6179658029562924,0.6436769488671159,0.3810579731673628,0.6360563882721745,0.0,0.014187198779412102,0.0025962163922614036,0.5633534120305403,0.0001941945994819555,0.003256652632204493,0.035415062181551264,0.08127869687526988
2020-04-07,0.5716943686430166,0.6179658029562924,0.6179658029562924,0.3937677725964293,0.6432594577104036,0.0,0.014187198779412102,0.0003295177766950898,0.681903263715526,0.0025962163922614036,0.0001941945994819555,0.003256652632204493,0.026843318454885502
2020-04-08,0.5365914165219547,0.7190371898761074,0.6179658029562924,0.40647757202549556,0.6504625271486327,0.0,0.014187198779412102,9.805030936701914e-06,0.6857527363837268,0.0003295177766950898,0.0025962163922614036,0.0001941945994819555,0.024353005491386363
2020-04-09,0.4985115355991071,0.2699233714634875,0.7190371898761074,0.4191873714545621,0.6576655965868617,0.0,0.014187198779412102,8.221163358970242e-07,0.5742270194964197,9.805030936701914e-06,0.0003295177766950898,0.0025962163922614036,0.021511441654048377
2020-04-10,0.472091292483255,0.741733843514728,0.2699233714634875,0.43189717088362883,0.6648686660250909,0.0,0.014187198779412102,5.850452082753964e-06,0.4155605401342564,8.221163358970242e-07,9.805030936701914e-06,0.0003295177766950898,0.0032652142657699276
2020-04-11,0.4573306871743986,0.5068569607778763,0.741733843514728,0.44460697031269536,0.6720717354633199,0.0,0.014187198779412102,0.0013877208235809895,0.5587888266843902,5.850452082753964e-06,8.221163358970242e-07,9.805030936701914e-06,0.002302161063290664
2020-04-12,0.4483999007690401,0.08241444916110449,0.5068569607778763,0.4573167697417619,0.679274804901549,0.0,0.014187198779412102,0.023394489632019653,0.5427468477563039,0.0013877208235809895,5.850452082753964e-06,8.221163358970242e-07,0.014257181747541965
2020-04-13,0.4364921855618953,0.5910607095429048,0.08241444916110449,0.4700265691708284,0.6864778743397781,0.0,0.014187198779412102,0.003932330702790889,0.17380057064531118,0.023394489632019653,0.0013877208235809895,5.850452082753964e-06,0.014945676191104092
2020-04-14,0.42793351525676004,0.5200522332407309,0.5910607095429048,0.48273636859989494,0.6936809437780072,0.0,0.014187198779412102,0.014596068254347769,0.20054901996504665,0.003932330702790889,0.023394489632019653,0.0013877208235809895,0.02229717348086063
2020-04-15,0.417018109650211,0.5200522332407309,0.5200522332407309,0.4954461680289617,0.7008840132162363,0.0,0.014187198779412102,0.0007875932933756464,0.29118197438629206,0.014596068254347769,0.003932330702790889,0.023394489632019653,0.022697964710126667
2020-04-16,0.4063507814438104,0.48269445955660345,0.5200522332407309,0.5081559674580282,0.7080870826544654,0.0,0.014187198779412102,0.004067596406597749,0.4469521767316915,0.0007875932933756464,0.014596068254347769,0.003932330702790889,0.024793557489876925
2020-04-17,0.3995286529397174,0.11023675603414132,0.48269445955660345,0.5208657668870947,0.7152901520926945,0.0,0.014187198779412102,0.011962521608968988,0.3666511753069628,0.004067596406597749,0.0007875932933756464,0.014596068254347769,0.030954783060279965
2020-04-18,0.39022575043413565,0.8107818380207845,0.11023675603414132,0.5335755663161612,0.7224932215309235,0.0,0.014187198779412102,0.0008003374759254884,0.3250727951255171,0.011962521608968988,0.004067596406597749,0.0007875932933756464,0.03065210673392472
2020-04-19,0.3817911188290747,0.39062705143234205,0.8107818380207845,0.546285365745228,0.7296962909691527,0.0,0.014187198779412102,0.06909951154848329,0.5075732097291134,0.0008003374759254884,0.011962521608968988,0.004067596406597749,0.054203724574092976
2020-04-20,0.3702555197221533,0.07321440565957071,0.39062705143234205,0.5589951651742945,0.7368993604073818,0.0,0.014187198779412102,0.007750703675230645,0.5348617823117545,0.06909951154848329,0.0008003374759254884,0.011962521608968988,0.056171317132794614
2020-04-21,0.3479285537087574,0.41674689443969,0.07321440565957071,0.571704964603361,0.7441024298456109,0.0,0.014187198779412102,0.0013460310844553337,0.57625027326146,0.007750703675230645,0.06909951154848329,0.0008003374759254884,0.04934362514823124
2020-04-22,0.3923344083354008,0.41674689443969,0.41674689443969,0.5844147640324275,0.7513054992838398,0.0,0.014187198779412102,0.3682667866667255,0.5703581908081125,0.0013460310844553337,0.007750703675230645,0.06909951154848329,0.23870420662570918
2020-04-23,0.5965021086579015,0.41674689443969,0.41674689443969,0.5971245634614941,0.758508568722069,0.0,0.014187198779412102,0.05845243717767251,0.5615755046542416,0.3682667866667255,0.0013460310844553337,0.007750703675230645,0.2667285009467972
2020-04-24,0.501984619201191,0.6353703828282682,0.41674689443969,0.6098343628905606,0.7657116381602982,0.0,0.014187198779412102,0.013214535721140392,0.6327754271359315,0.05845243717767251,0.3682667866667255,0.0013460310844553337,0.2673736588892712
2020-04-25,0.4558422227735055,0.41652742426411965,0.6353703828282682,0.6225441623196273,0.7729147075985271,0.0,0.014187198779412102,0.0031032279569743497,0.5321739653127553,0.013214535721140392,0.05845243717767251,0.3682667866667255,0.26856032928703527
2020-04-26,0.42384023815430405,0.41652742426411965,0.41652742426411965,0.6352539617486939,0.7801177770367562,0.0,0.014187198779412102,1.4936073307289803e-05,0.5372143436196901,0.0031032279569743497,0.013214535721140392,0.05845243717767251,0.23296131954986862
2020-04-27,0.4014863072061091,0.5111300599699569,0.41652742426411965,0.6479637611777603,0.7873208464749853,0.0,0.014187198779412102,0.006586977969483543,0.65345435073077,1.4936073307289803e-05,0.0031032279569743497,0.013214535721140392,0.23236165627560895
2020-04-28,0.37645745472587466,0.10441769768741463,0.5111300599699569,0.6606735606068268,0.7945239159132144,0.0,0.014187198779412102,0.040064579645046554,0.7232318805665237,0.006586977969483543,1.4936073307289803e-05,0.0031032279569743497,0.25231317190318525
2020-04-29,0.3593401141156043,0.629570371121402,0.10441769768741463,0.6733833600358936,0.8017269853514435,0.10919003542077099,0.160010816757427,0.0226554477748321,0.5772344856591127,0.040064579645046554,0.006586977969483543,1.4936073307289803e-05,0.07422100974017556
2020-04-30,0.3351525676010918,0.4957944161883134,0.629570371121402,0.6756986619300835,0.8183294183255976,0.10919003542077099,0.160010816757427,2.4893454861062743e-06,0.5428692853804494,0.0226554477748321,0.040064579645046554,0.006586977969483543,0.04410198175595406
2020-05-01,0.30141404118084836,0.4957944161883134,0.4957944161883134,0.6780139638242735,0.8349318512997518,0.10919003542077099,0.160010816757427,1.3245847932238309e-05,0.7014266172052945,2.4893454861062743e-06,0.0226554477748321,0.040064579645046554,0.03729940906144045
2020-05-02,0.2568841478541306,0.4007314384839444,0.4957944161883134,0.6803292657184634,0.8515342842739059,0.10919003542077099,0.160010816757427,1.0762251444945074e-05,0.7781543324191112,1.3245847932238309e-05,2.4893454861062743e-06,0.0226554477748321,0.03570587365927888
2020-05-03,0.22823120813693887,0.189728981704969,0.4007314384839444,0.6826445676126534,0.8681367172480601,0.10919003542077099,0.160010816757427,0.00025008293130861854,0.761334206147189,1.0762251444945074e-05,1.3245847932238309e-05,2.4893454861062743e-06,0.035827043909368375
2020-05-04,0.21421483502852912,0.189728981704969,0.189728981704969,0.6849598695068435,0.8847391502222142,0.2384708100587678,0.29507457302022866,0.0077673782182048155,0.7837316734217731,0.00025008293130861854,1.0762251444945074e-05,1.3245847932238309e-05,0.036435299509970306
2020-05-05,0.18469362441081627,0.3276684040321571,0.189728981704969,0.707675181391526,0.8874004917122589,0.2384708100587678,0.29507457302022866,0.00044078790541528625,0.636176786344714,0.0077673782182048155,0.00025008293130861854,1.0762251444945074e-05,0.016017315636428896
2020-05-06,0.1539320267923594,0.0,0.3276684040321571,0.7303904932762084,0.8900618332023035,0.2384708100587678,0.29507457302022866,2.155899741047943e-06,0.5643429836507986,0.00044078790541528625,0.0077673782182048155,0.00025008293130861854,0.004344163525506255
2020-05-07,0.13123294467873997,0.288420137723113,0.0,0.753105805160891,0.8927231746923481,0.2384708100587678,0.29507457302022866,0.005641802777678243,0.5693395851576937,2.155899741047943e-06,0.00044078790541528625,0.0077673782182048155,0.007250079533569142
2020-05-08,0.3314314065988587,0.7383826264814379,0.288420137723113,0.7758211170455735,0.8953845161823927,0.2384708100587678,0.29507457302022866,0.37655608606808727,0.5367094577361887,0.005641802777678243,2.155899741047943e-06,0.00044078790541528625,0.20128112254510686
2020-05-09,0.3549987596129992,0.7383826264814379,0.7383826264814379,0.7985364289302561,0.8980458576724373,0.3770898695233522,0.4614642040198018,0.021303388188110013,0.4463601691268577,0.37655608606808727,0.005641802777678243,2.155899741047943e-06,0.2122531288552789
2020-05-10,0.3237410071942446,0.5505792042898485,0.7383826264814379,0.7865260410561757,0.8348044645235281,0.3770898695233522,0.4614642040198018,0.00013372327458759884,0.4865864154818005,0.021303388188110013,0.37655608606808727,0.005641802777678243,0.21219316918231085
2020-05-11,0.3051352021830811,0.3127045622290444,0.5505792042898485,0.7745156531820956,0.7715630713746189,0.3770898695233522,0.4614642040198018,0.0268973874821986,0.42789519339373056,0.00013372327458759884,0.021303388188110013,0.37655608606808727,0.22205078763587882
2020-05-12,0.30014129625834585,0.3127045622290444,0.3127045622290444,0.762505265308015,0.7083216782257097,0.3770898695233522,0.4614642040198018,0.1585745845956498,0.34938766661096704,0.0268973874821986,0.00013372327458759884,0.021303388188110013,0.3035365104536097
2020-05-13,0.33552468370131494,0.538298418435817,0.3127045622290444,0.7504948774339348,0.6450802850768007,0.3770898695233522,0.4614642040198018,0.02002643583599498,0.5166610378470267,0.1585745845956498,0.0268973874821986,0.00013372327458759884,0.31385494306360084
2020-05-14,0.3556674899960094,0.017626756240411018,0.538298418435817,0.7384844895598546,0.5818388919278915,0.47465373392301835,0.5908878051707067,0.003316262472339707,0.7614300832285307,0.02002643583599498,0.1585745845956498,0.0268973874821986,0.312656601300559
2020-05-15,0.3316794839990078,0.4245796081736403,0.017626756240411018,0.7365232178868808,0.6480905258984019,0.47465373392301835,0.5908878051707067,0.0063553251038571765,0.7636583616122306,0.003316262472339707,0.02002643583599498,0.1585745845956498,0.12189360675906917
2020-05-16,0.32547754899528636,0.5226160101241359,0.4245796081736403,0.7345619462139072,0.7143421598689124,0.47465373392301835,0.5908878051707067,0.06122292213233549,0.6745362957179003,0.0063553251038571765,0.003316262472339707,0.02002643583599498,0.1424639854262186
2020-05-17,0.3179111882907468,0.5226160101241359,0.5226160101241359,0.7326006745409337,0.7805937938394227,0.47465373392301835,0.5908878051707067,0.003149525186343072,0.6569342922402533,0.06122292213233549,0.0063553251038571765,0.003316262472339707,0.14401801627729519
2020-05-18,0.2794591912676755,0.36731144397214494,0.5226160101241359,0.7306394028679599,0.8468454278099332,0.47465373392301835,0.5908878051707067,8.278654957650156e-07,0.6249864154503918,0.003149525186343072,0.06122292213233549,0.0063553251038571765,0.1301583250060455
2020-05-19,0.23554949144132975,0.11051923299016014,0.36731144397214494,0.7286781311949864,0.9130970617804437,0.604240494750977,0.7421610896254114,0.0,0.6338843739674176,8.278654957650156e-07,0.003149525186343072,0.06122292213233549,0.048445465916158774
2020-05-20,0.18878690151327226,0.6896767738735299,0.11051923299016014,0.7415811355989732,0.9217873556023993,0.604240494750977,0.7421610896254114,2.0739754357504247e-05,0.6273240376799291,0.0,8.278654957650156e-07,0.003149525186343072,0.03813660949328162
2020-05-21,0.15070702059042423,0.27442792244840397,0.6896767738735299,0.7544841400029605,0.930477649424355,0.604240494750977,0.7421610896254114,0.052543331218041174,0.6700655262136263,2.0739754357504247e-05,0.0,8.278654957650156e-07,0.063503124197278
2020-05-22,0.2624658893574796,0.2311502795688316,0.27442792244840397,0.7673871444069474,0.9391679432463105,0.604240494750977,0.7421610896254114,0.03189655822779999,0.7521223895678193,0.052543331218041174,2.0739754357504247e-05,0.0,0.07666442106310589
2020-05-23,0.3244852393946911,0.5724921775274501,0.2311502795688316,0.7802901488109346,0.9478582370682662,0.604240494750977,0.7421610896254114,0.004443011133502299,0.7967137129196756,0.03189655822779999,0.052543331218041174,2.0739754357504247e-05,0.04740595648371172
2020-05-24,0.2826841974696107,0.6097300524070774,0.5724921775274501,0.7931931532149216,0.9565485308902217,0.604240494750977,0.7421610896254114,0.010642290685090558,0.8130773237275124,0.004443011133502299,0.03189655822779999,0.052543331218041174,0.0512669490441142
2020-05-25,0.2529149094517491,0.6097300524070774,0.6097300524070774,0.8060961576189087,0.9652388247121775,0.604240494750977,0.7421610896254114,0.008775390365616555,0.7052875150293801,0.010642290685090558,0.004443011133502299,0.03189655822779999,0.05578844655253298
2020-05-26,0.35951637963676264,0.6097300524070774,0.6097300524070774,0.818999162022896,0.973929118534133,0.604240494750977,0.7421610896254114,0.19007557326913369,0.6049788277334625,0.008775390365616555,0.010642290685090558,0.004443011133502299,0.15373364107771062
2020-05-27,0.34842470850905494,0.3230697766937444,0.6097300524070774,0.8319021664268831,0.9826194123560885,0.604240494750977,0.7421610896254114,0.011812506365216696,0.6355897060837422,0.19007557326913369,0.008775390365616555,0.010642290685090558,0.159809891984821
2020-05-28,0.35078144381046905,0.3230697766937444,0.3230697766937444,0.84480517083087,0.9913097061780443,0.604240494750977,0.7421610896254114,0.06725696204640212,0.6467315298809835,0.011812506365216696,0.19007557326913369,0.008775390365616555,0.16739176801901778
2020-05-29,0.38439593153063756,0.6867504497780337,0.3230697766937444,0.8577081752348572,1.0,0.8735470339219393,0.8520755992756592,0.004701783274926278,0.6967836851286721,0.06725696204640212,0.011812506365216696,0.19007557326913369,0.15337840755919596
2020-05-30,0.33453237410071945,0.030055866253007546,0.6867504497780337,0.8341346709263717,0.9900602585233025,0.8735470339219393,0.8520755992756592,9.043279694866058e-06,0.7111645798809206,0.004701783274926278,0.06725696204640212,0.011812506365216696,0.15109360138189387
2020-05-31,0.28404862317042934,0.48290426180651785,0.030055866253007546,0.8105611666178862,0.9801205170466052,0.8735470339219393,0.8520755992756592,5.0333071154362425e-06,0.7408734794727252,9.043279694866058e-06,0.004701783274926278,0.06725696204640212,0.14561226453686463
2020-06-01,0.2303398660382039,0.42097801665541884,0.48290426180651785,0.7869876623094006,0.9701807755699077,0.8735470339219393,0.8520755992756592,4.254308774360663e-07,0.7730658388938393,5.0333071154362425e-06,9.043279694866058e-06,0.004701783274926278,0.14109055965547154
2020-06-02,0.19064748201438864,0.42097801665541884,0.42097801665541884,0.763414158000915,0.9602410340932104,0.8735470339219393,0.8520755992756592,0.00019899072757362574,0.8080170397366135,4.254308774360663e-07,5.0333071154362425e-06,9.043279694866058e-06,0.04324790426873076
2020-06-03,0.18097246340858353,0.42097801665541884,0.42097801665541884,0.7398406536924298,0.9503012926165131,0.9814532459848346,0.9627995348601348,0.0002761548946134309,0.8675539000378174,0.00019899072757362574,4.254308774360663e-07,5.0333071154362425e-06,0.03730326777775379
2020-06-04,0.1628628131977179,0.06557833505450311,0.42097801665541884,0.7368686992694189,0.9343601435079971,0.9814532459848346,0.9627995348601348,0.003100666749057911,0.9402986331587398,0.0002761548946134309,0.00019899072757362574,4.254308774360663e-07,0.004243781412213838
2020-06-05,0.14574547258744747,0.06557833505450311,0.06557833505450311,0.7338967448464081,0.9184189943994812,0.9814532459848346,0.9627995348601348,0.0016274973381112574,0.9328328041902604,0.003100666749057911,0.0002761548946134309,0.00019899072757362574,0.002659613973291992
2020-06-06,0.1332175638799305,0.27558233061399157,0.06557833505450311,0.7309247904233975,0.9024778452909653,0.9814532459848346,0.9627995348601348,4.959618301259693e-05,0.9513954826739665,0.0016274973381112574,0.003100666749057911,0.0002761548946134309,0.0026805107247035577
2020-06-07,0.12180600347308368,0.06106264942871395,0.27558233061399157,0.7279528360003866,0.8865366961824493,0.9814532459848346,0.9627995348601348,2.0747511278370992e-06,0.9281606221441037,4.959618301259693e-05,0.0016274973381112574,0.003100666749057911,0.002678986192451806
2020-06-08,0.1122550235673529,0.20813970755785033,0.06106264942871395,0.724980881577376,0.8705955470739335,1.0,0.9739731659838333,0.0,0.9153108945889199,2.0747511278370992e-06,4.959618301259693e-05,0.0016274973381112574,0.0026787669695957027
2020-06-09,0.10270404366162245,0.18360480527718354,0.20813970755785033,0.7149852493666424,0.8677539851223421,1.0,0.9739731659838333,9.043279694866058e-06,0.8955835372847981,0.0,2.0747511278370992e-06,4.959618301259693e-05,0.0025808877975797197
2020-06-10,0.09166459935499888,0.18360480527718354,0.18360480527718354,0.7049896171559089,0.8649124231707506,1.0,0.9739731659838333,3.340206641304009e-06,0.7154574153423425,9.043279694866058e-06,0.0,2.0747511278370992e-06,0.0024403074630150005
2020-06-11,0.08161746464897063,0.18368340881803863,0.18360480527718354,0.6949939849451755,0.8620708612191591,1.0,0.9739731659838333,4.196817175680748e-07,0.766834594209874,3.340206641304009e-06,9.043279694866058e-06,0.0,0.000842762355749649
2020-06-12,0.0734309104440587,0.3267016940984246,0.18368340881803863,0.684998352734442,0.8592292992675675,1.0,0.9739731659838333,0.007390969184972506,0.8591891154620751,4.196817175680748e-07,3.340206641304009e-06,9.043279694866058e-06,0.0038126567060453123
2020-06-13,0.06995782684197471,0.3267016940984246,0.3267016940984246,0.6750027205237085,0.8563877373159762,0.9923647791096142,0.9718169091238635,0.0016028756753758476,0.8858359751225283,0.007390969184972506,4.196817175680748e-07,3.340206641304009e-06,0.004613055512766646
2020-06-14,0.06214338873728609,0.10229507155695558,0.3267016940984246,0.6564206666496015,0.818035380838366,0.9923647791096142,0.9718169091238635,6.246935075405235e-05,0.9049319257017794,0.0016028756753758476,0.007390969184972506,4.196817175680748e-07,0.004644176612163696
2020-06-15,0.053336641032002086,0.08041773330173924,0.10229507155695558,0.6378386127754948,0.779683024360756,0.9923647791096142,0.9718169091238635,1.4006246637792427e-05,0.8941959894012245,6.246935075405235e-05,0.0016028756753758476,0.007390969184972506,0.0046513939759096614
2020-06-16,0.04750682212850427,0.15626566744936599,0.08041773330173924,0.6192565589013879,0.7413306678831458,0.9923647791096142,0.9718169091238635,2.9448174600823278e-05,0.8931977213135153,1.4006246637792427e-05,6.246935075405235e-05,0.0016028756753758476,0.004661908537914955
2020-06-17,0.04254527412552733,0.1499027676265421,0.15626566744936599,0.600674505027281,0.7029783114055359,0.9923647791096142,0.9718169091238635,5.015253383657893e-05,0.9071513309403582,2.9448174600823278e-05,1.4006246637792427e-05,6.246935075405235e-05,0.004686030745805524
2020-06-18,0.03807988092284803,0.1499027676265421,0.1499027676265421,0.5820924511531744,0.6646259549279258,0.9295032729278672,0.9249451778008253,7.979502424225302e-06,0.915395248360117,5.015253383657893e-05,2.9448174600823278e-05,1.4006246637792427e-05,0.00468992629165055
2020-06-19,0.17415033490449017,0.18967574613998012,0.1499027676265421,0.5962510388514639,0.6465151283660502,0.9295032729278672,0.9249451778008253,0.06775485410300276,0.8547584321576605,7.979502424225302e-06,5.015253383657893e-05,2.9448174600823278e-05,0.03579519852050466
2020-06-20,0.3985363433391218,0.33187126615750795,0.18967574613998012,0.6104096265497535,0.6284043018041748,0.9295032729278672,0.9249451778008253,0.01292480414170363,0.8078030830802785,0.06775485410300276,7.979502424225302e-06,5.015253383657893e-05,0.041629343681621474
2020-06-21,0.3625651203175392,0.33187126615750795,0.33187126615750795,0.6245682142480433,0.6102934752422993,0.9295032729278672,0.9249451778008253,0.000547058813309778,0.8679474200977213,0.01292480414170363,0.06775485410300276,7.979502424225302e-06,0.041879050723712924
2020-06-22,0.3871247829322749,0.7847235557366294,0.33187126615750795,0.6387268019463329,0.5921826486804238,0.9295032729278672,0.9249451778008253,0.001971310398414273,0.8780525189681139,0.000547058813309778,0.01292480414170363,0.06775485410300276,0.04288764184667242
2020-06-23,0.3680228231208137,0.08929881788847624,0.7847235557366294,0.6528853896446227,0.5740718221185485,0.9295032729278672,0.9249451778008253,0.00657676978420968,0.8685237230209273,0.001971310398414273,0.000547058813309778,0.01292480414170363,0.04626145089347736
2020-06-24,0.34668816670801306,0.4724600512997073,0.08929881788847624,0.6670439773429123,0.5559609955566729,0.9295032729278672,0.9249451778008253,0.00045512480800015973,0.8201530876660454,0.00657676978420968,0.001971310398414273,0.000547058813309778,0.04647013151186535
2020-06-25,0.3329198709997522,0.4379894755333153,0.4724600512997073,0.6812025650412019,0.5378501689947975,0.9295032729278672,0.9249451778008253,2.811671073933673e-05,0.8962678687867562,0.00045512480800015973,0.00657676978420968,0.001971310398414273,0.04648050813602434
2020-06-26,0.32113619449268194,0.4379894755333153,0.4379894755333153,0.6953611527394917,0.519739342432922,0.9295032729278672,0.9249451778008253,0.00010390229045823661,0.9124474992493162,2.811671073933673e-05,0.00045512480800015973,0.00657676978420968,0.011620239027636491
2020-06-27,0.31133713718680245,0.30600588791133015,0.4379894755333153,0.7095197404377813,0.5016285158710466,0.9295032729278672,0.9249451778008253,0.00034751091652464067,0.9423126996850275,0.00010390229045823661,2.811671073933673e-05,0.00045512480800015973,0.005139209349003924
2020-06-28,0.30315058298189057,0.08944113058044739,0.30600588791133015,0.7236783281360711,0.48351768930917116,0.9295032729278672,0.9249451778008253,0.0011846371915580792,0.9366295091281915,0.00034751091652464067,0.00010390229045823661,2.811671073933673e-05,0.005467750976991839
2020-06-29,0.29508806747705285,0.08944113058044739,0.08944113058044739,0.7378369158343607,0.4654068627472956,0.9295032729278672,0.9249451778008253,0.003114977025808646,0.9181986714467535,0.0011846371915580792,0.00034751091652464067,0.00010390229045823661,0.0060570778871545045
2020-06-30,0.28566112627139684,0.24867356008358088,0.08944113058044739,0.7519955035326502,0.44729603618542,0.9295032729278672,0.9249451778008253,0.0011453886150299248,0.9744406306497593,0.003114977025808646,0.0011846371915580792,0.00034751091652464067,0.0032583085555347334
2020-07-01,0.26928801786157297,0.12035783471807271,0.24867356008358088,0.7661540912309401,0.4291852096235447,0.9295032729278672,0.9249451778008253,0.0005846135906027333,0.9998486657616588,0.0011453886150299248,0.003114977025808646,0.0011846371915580792,0.003325033615376481
2020-07-02,0.2979409575787647,0.17962445004764094,0.12035783471807271,0.7803126789292296,0.4110743830616691,0.9295032729278672,0.9249451778008253,0.008819010693798842,0.9642165688160316,0.0005846135906027333,0.0011453886150299248,0.003114977025808646,0.007854946672651993
2020-07-03,0.40096858045797257,0.3113606379310507,0.17962445004764094,0.7944712666275195,0.39296355649979375,0.8786379100089718,0.9370693181872172,0.007158681307481354,0.9268040713758927,0.008819010693798842,0.0005846135906027333,0.0011453886150299248,0.011490246523496523
2020-07-04,0.37806995782684194,0.3113606379310507,0.3113606379310507,0.772115549366979,0.4596474371067094,0.8786379100089718,0.9370693181872172,0.5143792697039703,0.8858212323526492,0.007158681307481354,0.008819010693798842,0.0005846135906027333,0.2763687879406402
2020-07-05,0.34991317290994794,0.3812155323860686,0.3113606379310507,0.7497598321064386,0.5263313177136252,0.8786379100089718,0.9370693181872172,0.031192149351531806,0.8950628289345567,0.5143792697039703,0.007158681307481354,0.008819010693798842,0.2918315408087518
2020-07-06,0.32820640039692384,0.2274032560065578,0.3812155323860686,0.7274041148458981,0.5930151983205408,0.8786379100089718,0.9370693181872172,0.0030145745768697945,0.8913977881212306,0.031192149351531806,0.5143792697039703,0.007158681307481354,0.29177980382212604
2020-07-07,0.30017365418010433,0.2274032560065578,0.2274032560065578,0.7050483975853578,0.6596990789274565,0.8786379100089718,0.9370693181872172,0.0003162676174677776,0.8936601456640637,0.0030145745768697945,0.031192149351531806,0.5143792697039703,0.2913525610365622
2020-07-08,0.27028032746216824,0.21661653650963525,0.2274032560065578,0.6826926803248172,0.7263829595343723,0.828354581318669,0.9271110013973862,0.002197666705364511,0.9172620246035824,0.0003162676174677776,0.0030145745768697945,0.031192149351531806,0.29218376095556015
2020-07-09,0.2432398908459441,0.131086918504355,0.21661653650963525,0.6841397859548614,0.7445570978062935,0.828354581318669,0.9271110013973862,0.0011013464590704704,0.9609713337734838,0.002197666705364511,0.0003162676174677776,0.0030145745768697945,0.28820687896199565
2020-07-10,0.2826841974696107,0.205780320538629,0.131086918504355,0.6855868915849055,0.762731236078215,0.828354581318669,0.9271110013973862,0.0001838273767426967,0.9598415586079866,0.0011013464590704704,0.002197666705364511,0.0003162676174677776,0.2846127641934261
2020-07-11,0.38861324733316804,0.6235286612731417,0.205780320538629,0.6870339972149497,0.7809053743501363,0.828354581318669,0.9271110013973862,1.114743764475131e-05,0.980553324618282,0.0001838273767426967,0.0011013464590704704,0.002197666705364511,0.019560895999972273
2020-07-12,0.4341354502604814,0.6235286612731417,0.6235286612731417,0.6884811028449939,0.7990795126220577,0.828354581318669,0.9271110013973862,0.49990189522838013,0.926312730780296,1.114743764475131e-05,0.0001838273767426967,0.0011013464590704704,0.2610851826096576
2020-07-13,0.39332671793599605,0.8902332642190267,0.6235286612731417,0.689928208475038,0.817253650893979,0.828354581318669,0.9271110013973862,0.023782989088590018,0.9157681167636803,0.49990189522838013,1.114743764475131e-05,0.0001838273767426967,0.2717870648365217
2020-07-14,0.3806747705284048,0.3166388708639573,0.8902332642190267,0.691375314105082,0.8354277891659004,0.828354581318669,0.9271110013973862,0.0015667642050996948,0.9792365066945923,0.023782989088590018,0.49990189522838013,1.114743764475131e-05,0.2724314408045755
2020-07-15,0.3422227735053338,0.3166388708639573,0.3166388708639573,0.6928224197351264,0.8536019274378217,0.828354581318669,0.9271110013973862,0.0008383858461930351,1.0,0.0015667642050996948,0.023782989088590018,0.49990189522838013,0.27173100872971134
2020-07-16,0.3067477052840487,0.6298877600311776,0.3166388708639573,0.6942695253651705,0.871776065709743,0.828354581318669,0.9271110013973862,8.393671038750382e-05,0.9756961414225419,0.0008383858461930351,0.0015667642050996948,0.023782989088590018,0.27120674149204016
2020-07-17,0.28404862317042934,0.2837267316605365,0.6298877600311776,0.6957166309952145,0.8899502039816644,0.828354581318669,0.9271110013973862,2.5031432268370544e-05,0.9996667073941404,8.393671038750382e-05,0.0008383858461930351,0.0015667642050996948,0.2711249145670764
2020-07-18,0.24609278094765574,0.3854689238835434,0.2837267316605365,0.697163736625259,0.9081243422535856,0.8036118658969262,0.8923445187758778,9.514703203599009e-07,0.9902128227783216,2.5031432268370544e-05,8.393671038750382e-05,0.0008383858461930351,0.2711196606252585
2020-07-19,0.20912924832547752,0.33204028959279713,0.3854689238835434,0.6887005414799838,0.8483204729054789,0.8036118658969262,0.8923445187758778,4.738667630823329e-05,0.9685638798918519,9.514703203599009e-07,2.5031432268370544e-05,8.393671038750382e-05,0.013546600434624958
2020-07-20,0.18742247581245375,0.33204028959279713,0.33204028959279713,0.6802373463347091,0.7885166035573723,0.8036118658969262,0.8923445187758778,0.0001674004640292775,0.968777110206661,4.738667630823329e-05,9.514703203599009e-07,2.5031432268370544e-05,0.0013775805975305806
2020-07-21,0.16199454229719684,0.2968963882519955,0.33204028959279713,0.671774151189434,0.7287127342092655,0.8036118658969262,0.8923445187758778,0.001732672239862884,0.9418270324056677,0.0001674004640292775,4.738667630823329e-05,9.514703203599009e-07,0.0014630723546179669
2020-07-22,0.15045894319027542,0.2935112921629885,0.2968963882519955,0.6633109560441592,0.6689088648611587,0.8036118658969262,0.8923445187758778,0.031039916496123737,0.904551597574443,0.001732672239862884,0.0001674004640292775,4.738667630823329e-05,0.017025802186699662
2020-07-23,0.13185313817911204,0.2935112921629885,0.2935112921629885,0.6548477608988844,0.6091049955130521,0.7117254719460457,0.8739389984361537,0.0030847044674862183,0.9186781550077222,0.031039916496123737,0.001732672239862884,0.0001674004640292775,0.018572085997075216
2020-07-24,0.11982138427189282,0.2293630767479291,0.2935112921629885,0.6631069297501462,0.6108438352871505,0.7117254719460457,0.8739389984361537,0.0004662636232569471,0.9410284100831612,0.0030847044674862183,0.031039916496123737,0.001732672239862884,0.018799451207837756
2020-07-25,0.10369635326221799,0.18516603066486292,0.2293630767479291,0.6713660986014083,0.6125826750612491,0.7117254719460457,0.8739389984361537,0.001150871023360378,0.9441918826269786,0.0004662636232569471,0.0030847044674862183,0.031039916496123737,0.019392000225966113
2020-07-26,0.089059786653436,0.2199562057428367,0.18516603066486292,0.6796252674526699,0.6143215148353474,0.7117254719460457,0.8739389984361537,0.0012531814014763477,0.9441856400160313,0.001150871023360378,0.0004662636232569471,0.0030847044674862183,0.020013341500295982
2020-07-27,0.13991565368394937,0.17922674298626334,0.2199562057428367,0.687884436303932,0.6160603546094459,0.7117254719460457,0.8739389984361537,0.07526000223420647,0.9076841907880101,0.0012531814014763477,0.001150871023360378,0.0004662636232569471,0.058708263532005936
2020-07-28,0.42458447035475066,0.17922674298626334,0.17922674298626334,0.696143605155194,0.6177991943835445,0.7117254719460457,0.8739389984361537,1.0,0.7932897978619023,0.07526000223420647,0.0012531814014763477,0.001150871023360378,0.5731114870706383
2020-07-29,0.4599354998759615,0.17922674298626334,0.17922674298626334,0.7044027740064558,0.6195380341576429,0.7117254719460457,0.8739389984361537,0.6709590965681801,0.8109927628115651,1.0,0.07526000223420647,0.0012531814014763477,0.9028593210219451
2020-07-30,0.4725874472835525,0.5702798338732238,0.17922674298626334,0.7126619428577179,0.6212768739317414,0.7117254719460457,0.8739389984361537,0.15870049098967715,0.8813109459432295,0.6709590965681801,1.0,0.07526000223420647,0.9830475231141895
2020-07-31,0.42967005705780215,0.5702798338732238,0.5702798338732238,0.7209211117089795,0.6230157137058399,0.7117254719460457,0.8739389984361537,0.03202907488246699,0.813436843151692,0.15870049098967715,0.6709590965681801,1.0,0.9993117154844923
2020-08-01,0.38600843463160517,0.5313008234252847,0.5702798338732238,0.7291802805602415,0.6247545534799384,0.7117254719460457,0.8739389984361537,0.0024865779408010944,0.7925430206196187,0.03202907488246699,0.15870049098967715,0.6709590965681801,0.9999999999999999
2020-08-02,0.3502852890101713,0.21196876388247238,0.5313008234252847,0.7374394494115035,0.6264933932540367,0.6459871656966316,0.8766369466543872,0.0003886713543492023,0.81250559479283,0.0024865779408010944,0.03202907488246699,0.15870049098967715,0.9995545213765318
2020-08-03,0.31927561399156534,0.44252596372563296,0.21196876388247238,0.7899515595292028,0.6858241830252008,0.6459871656966316,0.8766369466543872,6.129941597046293e-05,0.7672193196480637,0.0003886713543492023,0.0024865779408010944,0.03202907488246699,0.9608049258925065
2020-08-04,0.2907467129744481,0.4056332420551006,0.44252596372563296,0.8424636696469021,0.7451549727963648,0.6459871656966316,0.8766369466543872,0.001648929693452981,0.7321409305149501,6.129941597046293e-05,0.0003886713543492023,0.0024865779408010944,0.44635855014942677
2020-08-05,0.36454973951873004,0.4056332420551006,0.4056332420551006,0.8949757797646014,0.8044857625675286,0.6459871656966316,0.8766369466543872,0.027831482094528886,0.7493890878846547,0.001648929693452981,6.129941597046293e-05,0.0003886713543492023,0.114957422583477
2020-08-06,0.4063507814438104,0.5509506757410063,0.4056332420551006,0.9474878898823005,0.8638165523386925,0.6459871656966316,0.8766369466543872,0.00255332309451412,0.8277684448344795,0.027831482094528886,0.001648929693452981,6.129941597046293e-05,0.034495401761936315
2020-08-07,0.41342098734805255,0.45524680546068824,0.5509506757410063,0.9999999999999999,0.9231473421098565,0.6639659638200928,0.947016290634195,0.021170209662348113,0.892805850245182,0.00255332309451412,0.027831482094528886,0.001648929693452981,0.028899871268382133
2020-08-08,0.4043661622426199,0.45524680546068824,0.45524680546068824,0.9826760281609074,0.9159819592074013,0.6639659638200928,0.947016290634195,0.0022649595226150875,0.954270479847125,0.021170209662348113,0.00255332309451412,0.027831482094528886,0.028785672170064246
2020-08-09,0.36380550731828354,0.47872804845060296,0.45524680546068824,0.965352056321815,0.9088165763049463,0.6639659638200928,0.947016290634195,5.6259710069689134e-05,0.97369012354559,0.0022649595226150875,0.021170209662348113,0.00255332309451412,0.02861438175856414
2020-08-10,0.3165467625899282,0.07785153943692011,0.47872804845060296,0.9480280844827225,0.9016511934024912,0.6639659638200928,0.947016290634195,0.0026555640732095057,0.9801600204977499,5.6259710069689134e-05,0.0022649595226150875,0.021170209662348113,0.029951196122097783
2020-08-11,0.35561895311337155,0.6957479832898168,0.07785153943692011,0.9307041126436298,0.8944858105000361,0.6639659638200928,0.947016290634195,0.39859966362605304,0.8685387995152906,0.0026555640732095057,5.6259710069689134e-05,0.0022649595226150875,0.2344983464121038
2020-08-12,0.3924584470354753,0.5568897155240762,0.6957479832898168,0.9133801408045374,0.8873204275975809,0.6639659638200928,0.947016290634195,0.028577957322772143,0.8475278200582705,0.39859966362605304,0.0026555640732095057,5.6259710069689134e-05,0.23488300215813693
2020-08-13,0.3662862813197718,0.5568897155240762,0.5568897155240762,0.8960561689654452,0.8801550446951258,0.6639659638200928,0.947016290634195,0.0002634383508333086,0.929969192911283,0.028577957322772143,0.39859966362605304,0.0026555640732095057,0.2337030335656314
2020-08-14,0.32547754899528636,0.47054386017155186,0.5568897155240762,0.8787321971263526,0.8729896617926708,0.6639659638200928,0.947016290634195,0.0001388249233666674,0.9272881878179413,0.0002634383508333086,0.028577957322772143,0.39859966362605304,0.22286564381604645
2020-08-15,0.27412552716447525,0.25258026968286124,0.47054386017155186,0.8614082252872599,0.8658242788902156,0.6639659638200928,0.947016290634195,1.4073713410871067e-05,0.930111496957689,0.0001388249233666674,0.0002634383508333086,0.028577957322772143,0.22170577122092713
2020-08-16,0.22649466633589665,0.25258026968286124,0.25258026968286124,0.8440842534481676,0.8586588959877604,0.6639659638200928,0.947016290634195,1.3237224410034284e-05,0.8959491619039602,1.4073713410871067e-05,0.0001388249233666674,0.0002634383508333086,0.2216836019034582
2020-08-17,0.19610518481766315,0.3373408744392926,0.25258026968286124,0.8267602816090753,0.8514935130853054,0.7142906191907852,1.0,0.0006276039736164646,0.880314464263054,1.3237224410034284e-05,1.4073713410871067e-05,0.0001388249233666674,0.22063860204878097
2020-08-18,0.15207144629124308,0.06172944708751005,0.3373408744392926,0.7952890996264529,0.8565065211475866,0.7142906191907852,1.0,0.00010206891733537459,0.8339128426290384,0.0006276039736164646,1.3237224410034284e-05,1.4073713410871067e-05,0.015294360491262737
2020-08-19,0.11622426196973468,0.27328008351435146,0.06172944708751005,0.7638179176438304,0.8615195292098679,0.7142906191907852,1.0,2.201020712834965e-05,0.7878508936277945,0.00010206891733537459,0.0006276039736164646,1.3237224410034284e-05,0.0005795933752789442
2020-08-20,0.08955594145373375,0.23462515515548815,0.27328008351435146,0.732346735661208,0.8665325372721489,0.7142906191907852,1.0,2.1905770026173265e-05,0.7950294054458792,2.201020712834965e-05,0.00010206891733537459,0.0006276039736164646,0.0004551325873699873
2020-08-21,0.06735301414041178,0.23462515515548815,0.23462515515548815,0.7008755536785858,0.8715455453344302,0.7142906191907852,1.0,6.927673478519714e-05,0.8238071352022323,2.1905770026173265e-05,2.201020712834965e-05,0.00010206891733537459,0.00041929467962451976
2020-08-22,0.0541304887124785,0.23561483674163353,0.23462515515548815,0.6694043716959635,0.8765585533967114,0.8445259141654862,0.9729163086132337,5.345560010513781e-05,0.8418719556474663,6.927673478519714e-05,2.1905770026173265e-05,2.201020712834965e-05,0.00043958801078063347
2020-08-23,0.036343339121806206,0.16467829145897533,0.23561483674163353,0.6540376310791394,0.8685103740429905,0.8445259141654862,0.9729163086132337,2.3850235433293754e-05,0.8752137996095187,5.345560010513781e-05,6.927673478519714e-05,2.1905770026173265e-05,0.00044505685357454356
2020-08-24,0.024187546514512548,0.16467829145897533,0.16467829145897533,0.6386708904623157,0.8604621946892695,0.8445259141654862,0.9729163086132337,1.6442328362761458e-06,0.8956041300485845,2.3850235433293754e-05,5.345560010513781e-05,6.927673478519714e-05,0.00012250226372813888
2020-08-25,0.016497147109898413,0.21629540850895407,0.16467829145897533,0.6233041498454919,0.8524140153355487,0.8445259141654862,0.9729163086132337,0.0,0.898112265858901,1.6442328362761458e-06,2.3850235433293754e-05,5.345560010513781e-05,6.990655249894013e-05
2020-08-26,0.00831059290498648,0.044901937021583016,0.21629540850895407,0.6079374092286681,0.8443658359818278,0.8445259141654862,0.9729163086132337,0.004577236732648008,0.8752960725103996,0.0,1.6442328362761458e-06,2.3850235433293754e-05,0.0024171968459052217
2020-08-27,0.006946167204167908,0.233110306889811,0.044901937021583016,0.5925706686118443,0.8363176566281069,0.8741320469746081,0.953400058899635,0.009161606619004585,0.8214567529188727,0.004577236732648008,0.0,1.6442328362761458e-06,0.007126848707839084
2020-08-28,0.003349044902009435,0.18917181584415393,0.233110306889811,0.5851971802556182,0.8364803385844032,0.8741320469746081,0.953400058899635,0.000934513548853879,0.8977391422542625,0.009161606619004585,0.004577236732648008,0.0,0.007572701831450649
2020-08-29,0.0019846192011908625,0.18917181584415393,0.18917181584415393,0.5778236918993921,0.8366430205406995,0.8741320469746081,0.953400058899635,0.0001470496094558413,0.9460657652388802,0.000934513548853879,0.009161606619004585,0.004577236732648008,0.007620930455963416
2020-08-30,0.0,0.17838639779876225,0.18917181584415393,0.570450203543166,0.8368057024969958,0.8741320469746081,0.953400058899635,0.016712600905377246,0.8483988213322338,0.0001470496094558413,0.000934513548853879,0.009161606619004585,0.016220577967931686
2020-08-31,0.0021282429591718555,0.13327804643283647,0.17838639779876225,0.56307671518694,0.8369683844532921,0.8741320469746081,0.953400058899635,0.03532393720976447,0.9185346731101922,0.016712600905377246,0.0001470496094558413,0.000934513548853879,0.03442201646524942
2020-09-01,0.11492455211243324,0.13327804643283647,0.13327804643283647,0.5557032268307138,0.8371310664095885,0.8741320469746081,0.953400058899635,0.22543003698255523,0.8225557076466716,0.03532393720976447,0.016712600905377246,0.0001470496094558413,0.15058522694159465
2020-09-02,0.11337137186802304,0.46702266943677523,0.13327804643283647,0.5483297384744878,0.837293748365885,0.8741320469746081,0.953400058899635,0.050972498111528826,0.7918940050204702,0.22543003698255523,0.03532393720976447,0.016712600905377246,0.1744925224590817
2020-09-03,0.10071942446043186,0.21935572013821786,0.46702266943677523,0.5409562501182618,0.8374564303221813,0.8741320469746081,0.953400058899635,0.003972987261708379,0.8306171170350566,0.050972498111528826,0.22543003698255523,0.03532393720976447,0.17181884733330477
2020-09-04,0.08062515504837536,0.42489736892671065,0.21935572013821786,0.5335827617620357,0.8376191122784776,0.8741320469746081,0.953400058899635,0.0004129884075732063,0.8613411476164696,0.003972987261708379,0.050972498111528826,0.22543003698255523,0.1715501074813924
2020-09-05,0.06772513024063509,0.3450805447177868,0.42489736892671065,0.5262092734058096,0.837781794234774,0.8741320469746081,0.953400058899635,0.0003251427394459642,0.8736982389398202,0.0004129884075732063,0.003972987261708379,0.050972498111528826,0.1716418781700741
2020-09-06,0.05135202183081122,0.3450805447177868,0.3450805447177868,0.5188357850495838,0.8379444761910703,0.8552321501258302,0.9147824918068173,2.4969623007792122e-05,0.8858674433783402,0.0003251427394459642,0.0004129884075732063,0.003972987261708379,0.16304280747411562
2020-09-07,0.03894815182336908,0.2980859975827913,0.3450805447177868,0.5262463513093724,0.8367458151222217,0.8552321501258302,0.9147824918068173,1.4475430345836848e-05,0.9092435871503044,2.4969623007792122e-05,0.0003251427394459642,0.0004129884075732063,0.14484798084235456
2020-09-08,0.03311833291987104,0.139629997536435,0.2980859975827913,0.5336569175691612,0.8355471540533731,0.8552321501258302,0.9147824918068173,0.0004669793804625361,0.8996958670617551,1.4475430345836848e-05,2.4969623007792122e-05,0.0003251427394459642,0.028925403002133955
2020-09-09,0.08881170925328719,0.5330077907264286,0.139629997536435,0.54106748382895,0.8343484929845245,0.8552321501258302,0.9147824918068173,0.3254981372353176,0.5134349625160661,0.0004669793804625361,1.4475430345836848e-05,2.4969623007792122e-05,0.1703873839588139
2020-09-10,0.3433391218060037,0.7092539927990684,0.5330077907264286,0.5484780500887386,0.8331498319156759,0.8552321501258302,0.9147824918068173,0.4124207447421418,0.43087749280411514,0.3254981372353176,0.0004669793804625361,1.4475430345836848e-05,0.38085890521603843
2020-09-11,0.37236417762341867,0.7092539927990684,0.7092539927990684,0.5558886163485275,0.8319511708468275,0.8552321501258302,0.9147824918068173,0.1670252099761193,0.5280665236179569,0.4124207447421418,0.3254981372353176,0.0004669793804625361,0.466713526991646
2020-09-12,0.3623170429173904,0.633847808485251,0.7092539927990684,0.5632991826083162,0.8307525097779789,0.8552321501258302,0.9147824918068173,0.01074238848436381,0.6750894342357038,0.1670252099761193,0.4124207447421418,0.3254981372353176,0.47208149270840777
2020-09-13,0.3372612255023568,0.6036191797060491,0.633847808485251,0.5707097488681051,0.8295538487091303,0.8552321501258302,0.9147824918068173,4.153700167750468e-06,0.7390788269796378,0.01074238848436381,0.1670252099761193,0.4124207447421418,0.4720707663453264
2020-09-14,0.3196477300917887,0.6036191797060491,0.6036191797060491,0.5781203151278937,0.8283551876402817,0.8552321501258302,0.9147824918068173,3.534813047650285e-05,0.6941104538527346,4.153700167750468e-06,0.01074238848436381,0.1670252099761193,0.47208152196552206
2020-09-15,0.3084842470850906,0.5231971598774434,0.6036191797060491,0.5855308813876825,0.8271565265714331,0.8552321501258302,0.9147824918068173,0.007096264727847425,0.7210126520056134,3.534813047650285e-05,4.153700167750468e-06,0.01074238848436381,0.475497566603689
2020-09-16,0.29657653187794586,0.2317057308189001,0.5231971598774434,0.5929414476474714,0.8259578655025845,0.913632046052002,0.9013764543105534,0.004767214617829153,0.7527931168893164,0.007096264727847425,3.534813047650285e-05,4.153700167750468e-06,0.3102261849857601
2020-09-17,0.28466881667080124,0.4145576050697198,0.2317057308189001,0.6007089100941829,0.8221887159402232,0.913632046052002,0.9013764543105534,0.0010061296633237463,0.7571674400175388,0.004767214617829153,0.007096264727847425,3.534813047650285e-05,0.09822585368943156
2020-09-18,0.2723889853634337,0.45305280607565507,0.4145576050697198,0.6084763725408944,0.8184195663778622,0.913632046052002,0.9013764543105534,9.623918500754372e-05,0.689523881952306,0.0010061296633237463,0.004767214617829153,0.007096264727847425,0.012208012286565777
2020-09-19,0.25812453485487485,0.08039416256846313,0.45305280607565507,0.6162438349876062,0.814650416815501,0.913632046052002,0.9013764543105534,2.4763207896439287e-06,0.675942512541758,9.623918500754372e-05,0.0010061296633237463,0.004767214617829153,0.006673777834697812
2020-09-20,0.24671297444802787,0.36306817487546383,0.08039416256846313,0.6240112974343177,0.8108812672531398,0.913632046052002,0.9013764543105534,1.4943852501771626e-05,0.6578593176190187,2.4763207896439287e-06,9.623918500754372e-05,0.0010061296633237463,0.006679337957711701
2020-09-21,0.2325725626395435,0.31776427525257783,0.36306817487546383,0.6317787598810296,0.8071121176907786,0.9622738496395342,0.8784952473490918,8.302664786277003e-06,0.6801282617053273,1.4943852501771626e-05,2.4763207896439287e-06,9.623918500754372e-05,0.00666540153572705
2020-09-22,0.2303776169469225,0.31776427525257783,0.31776427525257783,0.6146141022620941,0.8131490174239865,0.9622738496395342,0.8784952473490918,0.009399352056063483,0.66006957488055,8.302664786277003e-06,1.4943852501771626e-05,2.4763207896439287e-06,0.007852173368061304
2020-09-23,0.24450508558670325,0.3131094169448597,0.31776427525257783,0.5974494446431589,0.8191859171571942,0.9622738496395342,0.8784952473490918,0.008586606060188646,0.6480703343589536,0.009399352056063483,8.302664786277003e-06,1.4943852501771626e-05,0.009820290740302568
2020-09-24,0.23889853634333913,0.03930710018141101,0.3131094169448597,0.5802847870242236,0.825222816890402,0.9622738496395342,0.8784952473490918,0.000557084493086787,0.660763015097852,0.008586606060188646,0.009399352056063483,8.302664786277003e-06,0.009588899532095213
2020-09-25,0.2269908211361945,0.5264778506325525,0.03930710018141101,0.5631201294052884,0.8312597166236099,0.9622738496395342,0.8784952473490918,5.03618061081461e-06,0.7387393113936835,0.000557084493086787,0.008586606060188646,0.009399352056063483,0.009541902983021178
2020-09-26,0.21235425452741274,0.2960165657013997,0.5264778506325525,0.5459554717863533,0.8372966163568176,0.9391536878016682,0.7801702518759255,4.196817175680748e-07,0.7767064000346761,5.03618061081461e-06,0.000557084493086787,0.008586606060188646,0.009540843205004895
2020-09-27,0.19905514868465046,0.050125839517578014,0.2960165657013997,0.5410869305218546,0.7418391636729306,0.9391536878016682,0.7801702518759255,0.01172993429142628,0.7656323812003658,4.196817175680748e-07,5.03618061081461e-06,0.000557084493086787,0.015577531653006474
2020-09-28,0.19089555941453729,0.3152642488362105,0.050125839517578014,0.536218389257356,0.6463817109890434,0.9391536878016682,0.7801702518759255,0.03276809435205167,0.5601255699228966,0.01172993429142628,4.196817175680748e-07,5.03618061081461e-06,0.03245852332504138
2020-09-29,0.17005705780203417,0.30866865774290286,0.3152642488362105,0.5313498479928573,0.5509242583051561,0.9391536878016682,0.7801702518759255,0.0012580264574645764,0.5502801283323762,0.03276809435205167,0.01172993429142628,4.196817175680748e-07,0.02826333029874699
2020-09-30,0.15182336889109405,0.30866865774290286,0.30866865774290286,0.5264813067283588,0.45546680562126907,0.9391536878016682,0.7801702518759255,2.9430335640173015e-05,0.679771608385546,0.0012580264574645764,0.03276809435205167,0.01172993429142628,0.02385385133986841
2020-10-01,0.13619449268171668,0.3001897629950376,0.30866865774290286,0.5216127654638604,0.3600093529373819,0.806793789574884,0.7140894464058766,2.072538240532197e-06,0.615663115262312,2.9430335640173015e-05,0.0012580264574645764,0.03276809435205167,0.023567855864772592
2020-10-02,0.1235425452741255,0.044909632111982234,0.3001897629950376,0.5094405692164776,0.4316724482814497,0.806793789574884,0.7140894464058766,0.0,0.5048570065180708,2.072538240532197e-06,2.9430335640173015e-05,0.0012580264574645764,0.023565260740732685
2020-10-03,0.11709253287025573,0.044909632111982234,0.044909632111982234,0.497268372969095,0.5033355436255174,0.806793789574884,0.7140894464058766,2.0046991951244974e-05,0.5787239372956033,0.0,2.072538240532197e-06,2.9430335640173015e-05,0.023575374616417916
2020-10-04,0.10754155296452494,0.24866521426741667,0.044909632111982234,0.48509617672171246,0.5749986389695851,0.806793789574884,0.7140894464058766,4.009147089018422e-05,0.5119272541871825,2.0046991951244974e-05,0.0,2.072538240532197e-06,0.017551644637158716
2020-10-05,0.09960307615976205,0.024130037235871038,0.24866521426741667,0.4729239804743299,0.646661734313653,0.806793789574884,0.7140894464058766,1.6097384733157977e-06,0.5506302053167261,4.009147089018422e-05,2.0046991951244974e-05,0.0,0.000667204126546657
2020-10-06,0.09265690895559414,0.05365180224130012,0.024130037235871038,0.4607517842269473,0.7183248296577207,0.7641804130546022,0.6689049690175665,1.236049036833535e-05,0.6454181080946952,1.6097384733157977e-06,4.009147089018422e-05,2.0046991951244974e-05,2.5317358235394397e-05
2020-10-07,0.08719920615231963,0.19925432611526622,0.05365180224130012,0.42255906527826165,0.7044648750619047,0.7641804130546022,0.6689049690175665,8.221163358970242e-07,0.7179702625571492,1.236049036833535e-05,1.6097384733157977e-06,4.009147089018422e-05,1.0575655466418423e-05
2020-10-08,0.08248573554949162,0.19925432611526622,0.19925432611526622,0.38436634632957595,0.6906049204660888,0.7641804130546022,0.6689049690175665,1.2421783754803655e-05,0.7582116246681605,8.221163358970242e-07,1.236049036833535e-05,1.6097384733157977e-06,1.590858093206382e-05
2020-10-09,0.07864053584718445,0.17050290679715813,0.19925432611526622,0.3461736273808905,0.6767449658702727,0.7641804130546022,0.6689049690175665,0.00034565283868426484,0.7382149124432583,1.2421783754803655e-05,8.221163358970242e-07,1.236049036833535e-05,0.00019402212777468747
2020-10-10,0.07504341354502625,0.06000766802847049,0.17050290679715813,0.30798090843220466,0.6628850112744569,0.7641804130546022,0.6689049690175665,4.9847276502152594e-05,0.7267329841345017,0.00034565283868426484,1.2421783754803655e-05,8.221163358970242e-07,0.00020937809707176127
2020-10-11,0.06970974944182595,0.06000766802847049,0.06000766802847049,0.269788189483519,0.6490250566786409,0.7137412911498799,0.5990052481157957,7.088598318410409e-06,0.7563036628971241,4.9847276502152594e-05,0.00034565283868426484,1.2421783754803655e-05,0.00019237184677701506
2020-10-12,0.06375589183825364,0.23184339546969068,0.06000766802847049,0.28247098432261414,0.6240485366321914,0.7137412911498799,0.5990052481157957,2.1974593248835494e-05,0.7096130751211464,7.088598318410409e-06,4.9847276502152594e-05,0.00034565283868426484,0.00020286577626074388
2020-10-13,0.05308856363185338,0.06988799883720467,0.23184339546969068,0.29515377916170926,0.5990720165857419,0.7137412911498799,0.5990052481157957,9.601272653277438e-06,0.6021217731590656,2.1974593248835494e-05,7.088598318410409e-06,4.9847276502152594e-05,0.00020144396223598223
2020-10-14,0.04701066732820658,0.18275840730716691,0.06988799883720467,0.30783657400080416,0.5740954965392924,0.7137412911498799,0.5990052481157957,4.196817175680748e-07,0.7017059053372028,9.601272653277438e-06,2.1974593248835494e-05,7.088598318410409e-06,0.00020123658926165424
2020-10-15,0.042173158025304025,0.18158278341583461,0.18275840730716691,0.32051936883989934,0.5491189764928429,0.7137412911498799,0.5990052481157957,0.0,0.6748679000704819,4.196817175680748e-07,9.601272653277438e-06,2.1974593248835494e-05,0.00019483569300082204
2020-10-16,0.03485487472091314,0.18158278341583461,0.18158278341583461,0.33320216367899425,0.5241424564463935,0.6292323552275831,0.5588056116335735,8.65611751337407e-06,0.48312376875296004,0.0,4.196817175680748e-07,9.601272653277438e-06,2.1182609431298637e-05
2020-10-17,0.028901017117340833,0.1905662695142717,0.18158278341583461,0.3016354578870366,0.533853686849464,0.6292323552275831,0.5588056116335735,8.73962797984296e-06,0.5476865001614439,8.65611751337407e-06,0.0,4.196817175680748e-07,0.0
2020-10-18,0.026522709868087635,0.05118109980029242,0.1905662695142717,0.2700687520950787,0.5435649172525345,0.6292323552275831,0.5588056116335735,0.01728256905669202,0.5351295275026658,8.73962797984296e-06,8.65611751337407e-06,0.0,0.008901987061827684
2020-10-19,0.020838501612503113,0.05118109980029242,0.05118109980029242,0.23850204630312105,0.553276147655605,0.6292323552275831,0.5588056116335735,0.018566441380693056,0.3299634881856817,0.01728256905669202,8.73962797984296e-06,8.65611751337407e-06,0.018457877782673267
2020-10-20,0.01922599851153578,0.161747918403162,0.05118109980029242,0.20693534051116316,0.5629873780586756,0.6292323552275831,0.5588056116335735,0.01412448687262905,0.40959837553914197,0.018566441380693056,0.01728256905669202,8.73962797984296e-06,0.025731222758109712
2020-10-21,0.020236027926427536,0.04677451919448394,0.161747918403162,0.17536863471920527,0.5726986084617461,0.5610279812009056,0.46837869887586775,0.02054453088078458,0.6106343387889301,0.01412448687262905,0.018566441380693056,0.01728256905669202,0.03631752237110822
2020-10-22,0.022439728468009346,0.15464182778249297,0.04677451919448394,0.1740480139214751,0.5688395415140682,0.5610279812009056,0.46837869887586775,0.001108790734815156,0.7655784945115284,0.02054453088078458,0.01412448687262905,0.018566441380693056,0.0368888778711409
2020-10-23,0.020180557203412774,0.2211051808647333,0.15464182778249297,0.17272739312374463,0.5649804745663907,0.5610279812009056,0.46837869887586775,0.23795276423905026,0.45234710785724214,0.001108790734815156,0.02054453088078458,0.01412448687262905,0.15950053993402416
2020-10-24,0.010915405606549355,0.2211051808647333,0.2211051808647333,0.1714067723260142,0.5611214076187128,0.5610279812009056,0.46837869887586775,0.014656042151261215,0.2662186958581091,0.23795276423905026,0.001108790734815156,0.02054453088078458,0.16704823725376644
2020-10-25,0.0073182833043912154,0.19771340750305616,0.2211051808647333,0.17008615152828402,0.557262340671035,0.5610279812009056,0.46837869887586775,0.0017012733067287874,0.2806946824576189,0.014656042151261215,0.23795276423905026,0.001108790734815156,0.15901925690170612
2020-10-26,0.08185094926087533,0.01352950793966537,0.19771340750305616,0.16876553073055356,0.5534032737233572,0.5610279812009056,0.46837869887586775,0.14342609979864457,0.11891647747760146,0.0017012733067287874,0.014656042151261215,0.23795276423905026,0.22335894727726807
2020-10-31,0.4101711734061029,0.7263634117270925,0.7432246872299519,0.1621624267419016,0.5341079389849683,0.5610279812009056,0.46837869887586775,6.606994724854624e-06,0.42847891677900773,0.00887206144271811,0.14309864874398376,0.18565120999083526,0.29969500249389347
2020-11-01,0.3809228479285536,0.7263634117270925,0.7263634117270925,0.16084180594417113,0.5302488720372905,0.5610279812009056,0.46837869887586775,8.221163358970242e-07,0.41461207551816054,6.606994724854624e-06,0.00887206144271811,0.14309864874398376,0.29881876669063345
2020-11-02,0.35170078946984407,0.6897766757719728,0.7263634117270925,0.15952118514644095,0.5263898050896128,0.5610279812009056,0.46837869887586775,5.036180939779852e-06,0.34993110748786554,8.221163358970242e-07,6.606994724854624e-06,0.00887206144271811,0.22491445729705434
2020-11-03,0.33701314810220806,0.4694969560339823,0.6897766757719728,0.1582005643487105,0.5225307381419351,0.5610279812009056,0.46837869887586775,6.714907535914845e-06,0.48536166625415617,5.036180939779852e-06,8.221163358970242e-07,6.606994724854624e-06,0.17395602577169175
2020-11-04,0.3287025551972216,0.4694969560339823,0.4694969560339823,0.15687994355098006,0.5186716711942572,0.5610279812009056,0.46837869887586775,1.4430154119741702e-05,0.5474784327607195,6.714907535914845e-06,5.036180939779852e-06,8.221163358970242e-07,0.07829812402547465
2020-11-05,0.32150831059290497,0.675243387187914,0.4694969560339823,0.15555932275324963,0.5148126042465795,0.48230981083389235,0.36525164615255007,1.6672290234223449e-06,0.546314990683982,1.4430154119741702e-05,6.714907535914845e-06,5.036180939779852e-06,0.004560812863438361
2020-11-06,0.3150582981890352,0.08377012783879495,0.675243387187914,0.16385436378450582,0.5147989401276236,0.48230981083389235,0.36525164615255007,5.217450622328696e-05,0.551390154860725,1.6672290234223449e-06,1.4430154119741702e-05,6.714907535914845e-06,1.5959851410953293e-05
2020-11-07,0.3124534854874723,0.5721165331682101,0.08377012783879495,0.17214940481576202,0.5147852760086676,0.48230981083389235,0.36525164615255007,2.131725675674374e-05,0.5756778376161045,5.217450622328696e-05,1.6672290234223449e-06,1.4430154119741702e-05,2.353999151759324e-05
2020-11-08,0.30960059538576035,0.541469911210122,0.5721165331682101,0.18044444584701821,0.5147716118897118,0.48230981083389235,0.36525164615255007,1.652856413309391e-06,0.5942102256951209,2.131725675674374e-05,5.217450622328696e-05,1.6672290234223449e-06,2.3968068608629088e-05
2020-11-09,0.30649962788389995,0.541469911210122,0.541469911210122,0.1887394868782744,0.5147579477707559,0.48230981083389235,0.36525164615255007,0.0027096865679367764,0.6389406925262064,1.652856413309391e-06,2.131725675674374e-05,5.217450622328696e-05,0.0014176637640672311
2020-11-10,0.3051352021830811,0.632911011278761,0.541469911210122,0.1970345279095306,0.5147442836518001,0.3954443584115832,0.28969154555590027,0.029292888500793264,0.5447259517351152,0.0027096865679367764,1.652856413309391e-06,2.131725675674374e-05,0.01650871370886051
2020-11-11,0.29515008682709,0.40176883995954454,0.632911011278761,0.18540456979283326,0.5148009722344509,0.3954443584115832,0.28969154555590027,0.00216772719231093,0.29733249700668785,0.029292888500793264,0.0027096865679367764,1.652856413309391e-06,0.017618299194510988
2020-11-12,0.2887124782932273,0.40176883995954454,0.40176883995954454,0.17377461167613573,0.5148576608171016,0.3954443584115832,0.28969154555590027,4.1105816794835205e-06,0.39347718612309224,0.00216772719231093,0.029292888500793264,0.0027096865679367764,0.0176195582445145
2020-11-13,0.28524984005536047,0.5551302770024931,0.40176883995954454,0.1621446535594384,0.5149143493997524,0.3954443584115832,0.28969154555590027,1.317542097486226e-05,0.2861006264911597,4.1105816794835205e-06,0.00216772719231093,0.029292888500793264,0.017599462169436236
2020-11-14,0.28305631356983396,0.06426570756712563,0.5551302770024931,0.15051469544274088,0.5149710379824032,0.3954443584115832,0.28969154555590027,0.09435064391551345,0.5063579814647057,1.317542097486226e-05,4.1105816794835205e-06,0.00216772719231093,0.06620699279589409
2020-11-15,0.2827974501957654,0.5359161837119477,0.06426570756712563,0.13888473732604334,0.5150277265650541,0.43719182012116264,0.2068103977923542,0.005689313173472226,0.4321701451489486,0.09435064391551345,1.317542097486226e-05,4.1105816794835205e-06,0.06913782176337369
2020-11-16,0.2759116844455469,0.5177971689235643,0.5359161837119477,0.12630876112161687,0.488690119590967,0.43719182012116264,0.2068103977923542,1.4876267942378875e-05,0.36975642274364523,0.005689313173472226,0.09435064391551345,1.317542097486226e-05,0.06774919662600437
2020-11-17,0.272934755643761,0.5177971689235643,0.5177971689235643,0.11373278491719047,0.46235251261687993,0.43719182012116264,0.2068103977923542,3.9340393001271716e-05,0.40130944457566664,1.4876267942378875e-05,0.005689313173472226,0.09435064391551345,0.05267495846541577
2020-11-18,0.2720168692632101,0.5025198632232282,0.5177971689235643,0.10115680871276378,0.4360149056427929,0.43719182012116264,0.2068103977923542,1.6054823784371747e-05,0.47836248226941414,3.9340393001271716e-05,1.4876267942378875e-05,0.005689313173472226,0.051566210165646706
2020-11-19,0.27153689342379195,0.30537834037805944,0.5025198632232282,0.08858083250833737,0.4096772986687057,0.43719182012116264,0.2068103977923542,8.2211639072439e-07,0.5886730690465748,1.6054823784371747e-05,3.9340393001271716e-05,1.4876267942378875e-05,0.051564515632431
2020-11-20,0.27263706276358246,0.30537834037805944,0.30537834037805944,0.07600485630391068,0.3833396916946187,0.3469781319426122,0.12349204993078372,0.0,0.6197456257750265,8.2211639072439e-07,1.6054823784371747e-05,3.9340393001271716e-05,0.05155772638987795
2020-11-21,0.27251302406350786,0.4938911982595419,0.30537834037805944,0.09774195937262486,0.4124634740966838,0.3469781319426122,0.12349204993078372,0.041480744550150064,0.4782857845305108,0.0,8.2211639072439e-07,1.6054823784371747e-05,0.02431407541040729
2020-11-22,0.2712726370627636,0.09132664463681073,0.4938911982595419,0.11947906244133893,0.44158725649874897,0.3469781319426122,0.12349204993078372,0.11965329547274159,0.33960408183521107,0.041480744550150064,0.0,8.2211639072439e-07,0.0830392667813201
2020-11-23,0.26732111847467854,0.46274122442853033,0.09132664463681073,0.1412161655100529,0.4707110389008141,0.3469781319426122,0.12349204993078372,0.004948594774941688,0.27665889337274957,0.11965329547274159,0.041480744550150064,0.0,0.08558159250255465
2020-11-24,0.2942197965765321,0.46274122442853033,0.46274122442853033,0.16295326857876702,0.4998348213028794,0.3469781319426122,0.12349204993078372,0.06513071139210543,0.4250125009265765,0.004948594774941688,0.11965329547274159,0.041480744550150064,0.11912291969555835
2020-11-25,0.37633341602580017,0.46274122442853033,0.46274122442853033,0.18469037164748092,0.5289586037049445,0.3146434510217333,0.10506380769114232,0.11956889121258718,0.3186769653780867,0.06513071139210543,0.004948594774941688,0.11965329547274159,0.1807280255739345
2020-11-26,0.33847298818769933,0.655111625962582,0.46274122442853033,0.18077604216573345,0.5233206376512578,0.3146434510217333,0.10506380769114232,0.004968547666246653,0.3154011847297723,0.11956889121258718,0.06513071139210543,0.004948594774941688,0.18328787499045784
2020-11-27,0.3246092780947657,0.4251036593232885,0.655111625962582,0.176861712683986,0.517682671597571,0.3146434510217333,0.10506380769114232,0.0,0.31464384608909474,0.004968547666246653,0.11956889121258718,0.06513071139210543,0.18328787499045784
2020-11-28,0.3121386180180524,0.4251036593232885,0.4251036593232885,0.17294738320223854,0.5120447055438843,0.3146434510217333,0.10506380769114232,0.00022072532590632088,0.24036421590922014,0.0,0.004968547666246653,0.11956889121258718,0.16202674953637838
2020-11-29,0.30724386008434657,0.5986620954317841,0.4251036593232885,0.1690330537204911,0.5064067394901974,0.3146434510217333,0.10506380769114232,0.045399767846237615,0.25367275573817555,0.00022072532590632088,0.0,0.004968547666246653,0.12376419910723492
2020-11-30,0.30027997306588217,0.09611513929296311,0.5986620954317841,0.1651187242387434,0.5007687734365107,0.3083487653426624,0.06866472699502957,0.002325370707300103,0.13200059740608922,0.045399767846237615,0.00022072532590632088,0.0,0.12241246207354213
2020-12-01,0.2913001164055493,0.5164351482519072,0.09611513929296311,0.15406408844599506,0.49360228638447645,0.3083487653426624,0.06866472699502957,4.196817175680748e-07,0.16844201548858528,0.002325370707300103,0.045399767846237615,0.00022072532590632088,0.08885107919125558
2020-12-02,0.2913669064748201,0.5474943923190727,0.5164351482519072,0.14300945265324655,0.4864357993324423,0.3083487653426624,0.06866472699502957,0.030383859824351277,0.19998312139341884,4.196817175680748e-07,0.002325370707300103,0.045399767846237615,0.04289438366317557
2020-12-03,0.3277102455966263,0.5474943923190727,0.5474943923190727,0.13195481686049798,0.47926931228040803,0.3083487653426624,0.06866472699502957,0.15046149622341512,0.17942437787474091,0.030383859824351277,4.196817175680748e-07,0.002325370707300103,0.11786632720847298
2020-12-04,0.32748125107341197,0.5672603836904282,0.5474943923190727,0.12090018106774941,0.47210282522837377,0.3083487653426624,0.06866472699502957,0.00759927350540876,0.1321733685348532,0.15046149622341512,0.030383859824351277,4.196817175680748e-07,0.12178220292535635
2020-12-05,0.3163437901716244,0.5672603836904282,0.5672603836904282,0.10984554527500084,0.4649363381763396,0.27932768127889385,0.05447546344782572,8.24990934677927e-07,0.20524947043813446,0.00759927350540876,0.15046149622341512,0.030383859824351277,0.12166888914855427
2020-12-06,0.31208136938724895,0.5672603836904282,0.5672603836904282,0.10672171259519475,0.4617830773126853,0.27932768127889385,0.05447546344782572,1.2509966379781604e-05,0.21663813256887088,8.24990934677927e-07,0.00759927350540876,0.15046149622341512,0.09828101386532355
2020-12-07,0.3066591062125671,0.6361507579555588,0.5672603836904282,0.10359787991538871,0.45862981644903134,0.27932768127889385,0.05447546344782572,1.253296284106613e-06,0.2296936307150908,1.2509966379781604e-05,8.24990934677927e-07,0.00759927350540876,0.09708340531412378
2020-12-08,0.3040808732324487,0.11088219336146729,0.6361507579555588,0.10047404723558262,0.45547655558537703,0.27932768127889385,0.05447546344782572,0.0,0.27955006636798474,1.253296284106613e-06,1.2509966379781604e-05,8.24990934677927e-07,0.09708318905378713
2020-12-09,0.3003225006201936,0.6423949158196878,0.11088219336146729,0.0973502145557763,0.45232329472172295,0.27932768127889385,0.05447546344782572,9.934385990299097e-06,0.32184850620209243,0.0,1.253296284106613e-06,1.2509966379781604e-05,0.08143162486599355
2020-12-10,0.29843711237906234,0.5882685795607843,0.6423949158196878,0.09422638187597016,0.44917003385806886,0.26164970782527774,0.041193591826466036,8.278654991917261e-07,0.3214700626365518,9.934385990299097e-06,0.0,1.253296284106613e-06,0.0038998348666657626
2020-12-18,0.3455718184073433,0.5882685795607843,0.6423949158196878,0.09160765227420153,0.4285855289469751,0.26164970782527774,0.041193591826466036,4.932698015380224e-06,0.2238494279098578,0.00018737643260763684,0.007663962282131368,0.014278943666678095,0.06011766259133199
2020-12-19,0.33190500890823404,0.5882685795607843,0.6423949158196878,0.09128031107398044,0.4260124658330884,0.26164970782527774,0.041193591826466036,0.0005076741454562681,0.21660862739826148,4.932698015380224e-06,0.00018737643260763684,0.007663962282131368,0.059355986100283954
2020-12-20,0.31927561399156534,0.7093082819200585,0.6423949158196878,0.09095296987375923,0.42343940271920166,0.23706070633190301,0.01822124425806715,3.994451032057941e-05,0.1774051484343684,0.0005076741454562681,4.932698015380224e-06,0.00018737643260763684,0.016979097352094935
2020-12-21,0.31520714462912447,0.4300774352298818,0.7093082819200585,0.08371093458513401,0.421838753221245,0.23706070633190301,0.01822124425806715,2.3942957370076786e-05,0.28542624783118364,3.994451032057941e-05,0.0005076741454562681,4.932698015380224e-06,0.01167160876111228
2020-12-22,0.31236761254126677,0.4300774352298818,0.4300774352298818,0.07646889929650857,0.42023810372328824,0.23706070633190301,0.01822124425806715,2.0667890429703916e-06,0.295893889276968,2.3942957370076786e-05,3.994451032057941e-05,0.0005076741454562681,0.00431479031810269
2020-12-23,0.31377280620644565,0.5765157698689531,0.4300774352298818,0.06922686400788336,0.4186374542253316,0.23706070633190301,0.01822124425806715,4.1105816794835205e-06,0.4114744175447669,2.0667890429703916e-06,2.3942957370076786e-05,3.994451032057941e-05,0.00036769889582678717
2020-12-24,0.30568097246340886,0.163846560641129,0.5765157698689531,0.061984828719258145,0.41703680472737503,0.23706070633190301,0.01822124425806715,7.913587539733195e-06,0.08232971256663443,4.1105816794835205e-06,2.0667890429703916e-06,2.3942957370076786e-05,0.0002752223983584402
2020-12-25,0.29853634333912205,0.5892884217697021,0.163846560641129,0.05474279343063265,0.41543615522941835,0.21024004492490478,0.0,1.5765477899729612e-05,0.0979549677677109,7.913587539733195e-06,4.1105816794835205e-06,2.0667890429703916e-06,0.0002808044871811764
2020-12-26,0.2960465483412643,0.5723307562217361,0.5892884217697021,0.05474279343063265,0.41543615522941835,0.21024004492490478,0.0,1.2443852362296403e-05,0.26823392060466633,1.5765477899729612e-05,7.913587539733195e-06,4.1105816794835205e-06,2.5614267009280496e-05
2020-12-27,0.2960803770776481,0.5723307562217361,0.5723307562217361,0.05474279343063265,0.41543615522941835,0.21024004492490478,0.0,1.3582167601016829e-05,0.3733069764279001,1.2443852362296403e-05,1.5765477899729612e-05,7.913587539733195e-06,1.2029855601766627e-05
2020-12-28,0.29374619426715676,0.6281039037999254,0.5723307562217361,0.05474279343063265,0.41543615522941835,0.21024004492490478,0.0,8.221163413797281e-06,0.20327629497663724,1.3582167601016829e-05,1.2443852362296403e-05,1.5765477899729612e-05,3.928477077170883e-06
2020-12-29,0.29273133217563896,0.37177244797568876,0.6281039037999254,0.05474279343063265,0.41543615522941835,0.21024004492490478,0.0,0.02219737336090463,0.25341137094332383,8.221163413797281e-06,1.3582167601016829e-05,1.2443852362296403e-05,0.011441082564461247
2020-12-30,0.49962788389977686,0.37177244797568876,0.37177244797568876,0.05474279343063265,0.41543615522941835,0.21024004492490478,0.0,0.5293508526101397,0.22517947702781888,0.02219737336090463,8.221163413797281e-06,1.3582167601016829e-05,0.28421137454635037
2020-12-31,0.5747953361448773,0.7023495238758359,0.37177244797568876,0.05474279343063265,0.41543615522941835,0.21024004492490478,0.0,0.5293508526101397,0.22517947702781888,0.02219737336090463,8.221163413797281e-06,1.3582167601016829e-05,0.28421137454635037
